SiteID,Longitude,Latitude
AGA001,138.1402,-5.54547
AGA002,138.13676,-5.53791
AGA005,138.14079,-5.53205
AGA006,138.3865,-4.60403
AGA007,138.384,-5.73432
AGA008,138.21721,-5.15722
AGA011,138.13055,-5.54455
AGA020,138.13837,-5.54239
AGA021,138.08419,-5.49615
AGA040,138.13038,-5.55064
AGA041,138.14113,-5.521
AGA043,139.30378,-5.36005
AGA044,138.13877,-5.52915
AGA045,138.13243,-5.54253
AMB002,128.18477,-3.69555
AMB003,128.18429,-3.68902
AMB004,128.17341,-3.70292
AMB006,128.085594,-3.706927
AMB007,128.32281,-3.61524
AMB008,128.11369,-3.77648
AMB009,128.33365,-3.5966
AMB010,128.18226,-3.70017
AMB011,128.16868,-3.70768
AMB012,128.16115,-3.66538
AMB013,128.65088,-3.57721
AMB014,128.33297,-3.51301
AMB015,128.17686,-3.591273333
AMB016,128.199014,-3.675268
AMB017,128.18994,-3.61259
AMB018,128.20909,-3.68214
AMB019,128.2104267,-3.68921
AMB020,128.1978,-3.67868
AMB021,128.19652,-3.73268
AMB022,128.15537,-3.71097
AMB023,128.17957,-3.69563
AMB024,128.25005,-3.63078
AMB025,128.31767,-3.57257
AMB026,128.1795,-3.69323
AMB027,128.20177,-3.67098
AMB028,128.18755,-3.68568
AMB029,128.26523,-3.64607
AMB031,128.18344,-3.69848
AMB032,128.14366,-3.72896
AMB033,128.17574,-3.69867
AMB034,128.19308,-3.70069
AMB035,128.23735,-3.64713
AMB036,128.295,-3.69142
AMB037,128.12568,-3.7674
AMB038,128.15836,-3.71397
AMB039,128.16318,-3.65392
AMB040,128.18277,-3.69442
AMB041,128.32976,-3.6094
AMB042,128.19014,-3.71445
AMB043,128.21587,-3.68317
AMB044,128.32417,-3.55706
AMB045,128.20549,-3.68193
AMB046,128.19921,-3.66601
AMB047,128.65517,-3.57029
AMB048,128.17735,-3.69536
AMB049,128.16915,-3.70415
AMB050,128.11469,-3.78168
AMB051,128.18766,-3.66169
AMB052,128.19171,-3.6615
AMB053,128.1914,-3.68336
AMB054,128.1665,-3.74793
AMB055,128.214,-3.72318
AMB056,128.19233,-3.68862
AMB057,128.10846,-3.6777
AMB058,128.2099,-3.71166
AMB059,128.19146,-3.70916
AMB060,128.1986,-3.6836
AMB062,128.20738,-3.6994
AMB063,128.16283,-3.71133
AMB064,128.25693,-3.639576667
AMB065,128.18003,-3.70249
AMB066,128.032055,-3.742813333
AMB067,128.18508,-3.69445
AMB068,128.28627,-3.62291
AMB069,128.18645,-3.69723
AMB070,128.19425,-3.650265
AMB071,128.18013,-3.66039
AMB073,128.13869,-3.67716
AMB074,128.18749,-3.68732
AMB075,128.19323,-3.67683
AMB076,128.24429,-3.63326
AMB077,128.20859,-3.63104
AMB078,128.1873,-3.68336
AMB079,128.33498,-3.59053
AMB080,128.18732,-3.69205
AMB081,128.18857,-3.70468
AMB082,128.19231,-3.69641
AMB083,128.20482,-3.69012
AMB084,128.17103,-3.71101
AMB085,128.103456,-3.701908
AMB086,128.30186,-3.62042
AMB088,128.28497,-3.65422
AMB089,128.22113,-3.68619
AMB090,128.185295,-3.693638333
AMB091,128.18154,-3.69528
AMB092,128.18831,-3.69559
AMB093,128.24937,-3.63149
AMB094,128.22735,-3.68089
AMB095,128.1909,-3.69358
AMB097,128.16121,-3.70513
AMB099,128.22962,-3.62806
AMB100,128.25771,-3.63911
AMB101,128.21786,-3.66081
AMB102,128.19218,-3.67988
AMB103,128.1926857,-3.640019652
AMB105,128.24903,-3.73591
AMB109,128.22566,-3.62574
AMB110,128.08869,-3.705141
AMB111,128.12092,-3.77657
AMB113,128.18221,-3.68905
AMB114,128.18163,-3.69714
AMB116,128.17445,-3.69844
AMB117,128.17736,-3.7001
AMB119,128.168835,-3.664163333
AMB121,128.16902,-3.71637
AMB124,128.2980111,-3.6718694
AMB125,128.19851,-3.70591
AMB126,128.41897,-3.54546
AMB127,128.31532,-3.51066
AMB128,128.19013,-3.678
AMB130,128.1613,-3.70799
AMB131,128.244,-3.64426
AMB132,128.13525,-3.77197
AMB133,128.22377,-3.73655
AMB134,128.14951,-3.76416
AMB135,128.11967,-3.7699
AMB136,128.27,-3.70471
AMB138,128.21645,-3.63191
AMB139,128.22584,-3.68603
AMB140,128.13122,-3.74771
AMB141,128.19604,-3.67258
AMB142,128.20244,-3.66827
AMB143,128.23177,-3.65149
AMB144,128.25313,-3.63166
AMB145,128.25633,-3.63052
AMB146,128.24077,-3.6423
AMB147,128.24397,-3.64201
AMB148,128.25237,-3.62311
AMB149,128.19573,-3.65751
AMB150,128.333,-3.5438
AMB152,128.17202,-3.70571
AMB153,128.30135,-3.61368
AMB154,128.17403,-3.70721
AMB156,128.18024,-3.69157
AMB160,128.197647,-3.670059
AMB163,128.20203,-3.68217
AMB164,128.19482,-3.69258
AMB165,128.20073,-3.63643
AMB166,128.19167,-3.68587
AMB167,128.1662233,-3.662096667
AMB168,128.25557,-3.63578
AMB169,128.18691,-3.7004
AMB170,128.15811,-3.7107
AMB171,128.1788,-3.7046
AMB172,128.18874,-3.68121
AMB176,128.18551,-3.70445
AMB177,128.21363,-3.66049
AMB182,128.28687,-3.61452
AMB189,128.18882,-3.68958
AMB190,128.19632,-3.68791
AMB191,128.16636,-3.70578
AMB192,128.1976,-3.69031
AMB193,128.2009,-3.68634
AMB194,128.20644,-3.67985
AMB195,128.18567,-3.69043
AMB196,128.24644,-3.62327
AMB197,128.22457,-3.65522
AMB199,128.18814,-3.68431
AMB202,128.18801,-3.688617
AMB203,128.186523,-3.689806
AMB205,128.18425,-3.69262
AMB209,128.18289,-3.65873
AMB210,128.18182,-3.69436
AMB212,128.17677,-3.69842
AMB213,128.17986,-3.698268
AMB215,128.18514,-3.70801
AMB224,128.19278,-3.68121
AMB225,128.16521,-3.70328
AMB226,128.20269,-3.66516
AMB227,128.1887,-3.68297
AMB228,128.23997,-3.62948
AMB229,128.22342,-3.63028
AMB230,128.206487,-3.675575
AMB231,128.19375,-3.65392
AMB233,128.17802,-3.69713
AMB234,128.18707,-3.69809
AMB237,128.27513,-3.61582
AMB240,128.19513,-3.67537
AMB241,128.24311,-3.62672
AMB243,128.17611,-3.71131
AMB244,128.2474,-3.6376
AMB247,128.089715,-3.704071
AMB248,128.17881,-3.70034
AMB249,128.182242,-3.698836
AMB250,128.184011,-3.70236
AMB251,128.185147,-3.698974
AMB252,128.18181,-3.69436
AMB253,128.19915,-3.68041
AMB257,128.34102,-3.59562
AMB258,128.19694,-3.65376
AMB259,128.24325,-3.65225
AMB260,128.15401,-3.666665
AMB261,128.29117,-3.62107
AMB262,128.22071,-3.65967
AMB263,128.19307,-3.67452
AMB264,128.18577,-3.68721
AMB265,128.18179,-3.69436
AMB266,128.17599,-3.70377
AMB267,128.16554,-3.66546
AMB268,128.16347,-3.7067
AMB269,128.2111178,-3.665159075
AMB271,128.10939,-3.69096
AMB272,128.21822,-3.62958
AMB273,128.14836,-3.7231
AMB275,128.19522,-3.68011
AMB276,128.23082,-3.65445
AMB277,128.1855167,-3.657015
AMB279,128.23001,-3.62269
AMB280,128.16174,-3.71642
AMB281,128.25132,-3.63488
AMB284,128.16661,-3.70831
AMB285,128.1901,-3.68821
AMB286,128.3394,-3.59143
AMB287,128.20426,-3.66644
AMB288,128.17544,-3.70569
AMB289,128.19017,-3.65797
AMB290,128.22175,-3.66197
AMB291,128.21113,-3.68191
AMB292,128.1709,-3.70871
AMB293,128.23383,-3.64492
AMB295,128.17019,-3.71358
AMB296,128.1928353,-3.646495217
AMB297,128.20377,-3.67019
AMB298,128.21029,-3.68478
AMB299,128.09869,-3.69867
AMB300,128.122825,-3.68477
AMB302,128.04945,-3.72881
AMB303,128.02458,-3.74697
AMB304,128.21972,-3.69109
AMB305,128.1892,-3.67883
AMB308,128.17915,-3.58256
AMB309,128.1894667,-3.651085
AMB310,128.180803,-3.699091
AMB311,128.178652,-3.69511
AMB312,128.18981,-3.68581
AMB313,128.184394,-3.686608
AMB315,128.33637,-3.60041
AMB316,128.16476,-3.70976
AMB317,128.19405,-3.66096
AMB318,128.24773,-3.6434
AMB319,128.16282,-3.70248
AMB327,128.23557,-3.62756
AMB329,128.25276,-3.62859
AMB330,128.0899,-3.71593
AMB331,128.21441,-3.67859
AMB338,128.18415,-3.65359
AMB341,128.19656,-3.6932
AMB342,128.18544,-3.68491
AMB345,128.25482,-3.63369
AMB349,128.199275,-3.67211
AMB351,128.16113,-3.70351
AMB366,128.20779,-3.63511
AMB367,128.24802,-3.63519
AMB371,128.18964,-3.72441
AMB382,128.182917,-3.69651
AMB385,128.22315,-3.68412
AMB386,128.20421,-3.66317
AMB387,128.21319,-3.68013
AMB389,128.18807,-3.69738
AMB400,128.25145,-3.65325
AMB401,128.20151,-3.69278
AMB402,128.17533,-3.7014
AMB403,128.17143,-3.70376
AMB404,128.17605,-3.64134
AMB405,128.09881,-3.70841
AMB406,128.01336,-3.7648
AMB423,128.22359,-3.66817
AMB424,128.09539,-3.78667
AMB426,128.15646,-3.70774
AMB427,128.22027,-3.62625
AMB428,128.326,-3.58494
AMB505,128.2005,-3.669442
AMB508,128.19393,-3.67923
AMB513,128.1784,-3.71406
AMB514,128.24437,-3.61706
AMB521,128.23336,-3.73371
AMB553,128.19942,-3.69343
AMB565,128.179626,-3.693576
AMB621,128.351478,-3.521919
BIA001,136.08983,-1.18664
BIA002,136.07352,-1.163145
BIA003,136.10536,-1.17892
BIA005,135.73416,-0.73139
BIA006,136.07531,-1.18269
BIA007,136.26588,-1.15811
BIA008,136.08091,-1.18425
BIA009,136.02629,-1.14227
BIA012,134.836,-0.94108
BIA017,136.08769,-1.17992
BIA019,136.199,-1.23522
BIA020,136.18335,-1.17773
BIA021,136.05423,-1.17172
BIA023,136.05361,-1.15806
BIA025,136.08001,-1.16278
BIA026,136.09666,-1.17751
BIA027,136.08111,-1.17889
BIA030,136.12001,-1.18889
BIA031,136.13694,-1.19861
BIA032,136.06502,-1.13398
BIA033,136.04285,-1.14655
BIA034,135.86816,-1.05881
BIA037,136.10077,-1.15708
BIA038,136.06645,-1.16079
BIA040,135.89944,-1.17361
BIA041,136.06982,-1.15481
BIA042,136.07565,-1.1803
BIA043,136.04582,-1.15354
BIA045,136.0737,-1.17573
BIA046,136.10809,-1.15791
BIA047,136.09041,-1.17283
BIA050,136.08033,-1.18163
BIA051,136.07879,-1.15498
BIA052,136.09494,-1.1615
BIA053,136.07504,-1.15729
BIA055,136.08592,-1.15997
BIA056,136.08169,-1.1666
BIA057,136.0689283,-1.164083333
BIA058,135.72775,-0.71906
BIA059,135.72848,-0.75147
BIA060,136.09617,-1.19018
BIA061,136.07622,-1.15995
BIA062,136.08597,-1.16573
BIA063,136.08407,-1.18104
BIA064,136.064355,-1.156781667
BIA068,136.35129,-1.11209
BIA080,136.01221,-1.14005
BIA081,136.22392,-1.17031
BIA082,135.70491,-0.71373
BIA087,135.67061,-0.84414
BIA088,135.73259,-0.7746
BIA096,136.04211,-0.86512
BIA100,136.04175,-0.91893
BIA101,135.93811,-1.10841
BIA114,136.04723,-1.00511
BIA115,136.04524,-1.04559
BIA123,134.87076,-0.94149
BIA132,136.3222,-1.13521
BIA156,135.77843,-0.92241
BIA174,134.81516,-0.96996
BIA177,135.75967,-0.73901
BIA178,135.67883,-0.69741
BIA198,136.29566,-1.13955
BIA212,136.06104,-1.16429
BIA218,136.06895,-1.1584
BIA219,136.10086,-1.17989
BIA220,136.09712,-1.16925
BIA255,135.82152,-1.01665
BIA256,136.10601,-1.19249
BIA271,136.22113,-1.15913
BIA272,135.68955,-0.80992
BIA273,135.93385,-1.14339
BIA274,135.64572,-0.87308
BIA275,135.58663,-0.83655
BIA276,135.96623,-1.05527
BIA277,136.14799,-1.19591
BIA280,136.03136,-0.90167
BIA281,136.09259,-1.15475
BIA282,136.07259,-1.17932
BIA325,135.74662,-0.73957
BTI001,133.53186,-2.11765
BTI005,133.62625,-2.09493
BTI007,132.9731111,-2.2139388
BTI008,133.44111,-2.54472
BTI009,133.550972,-2.129034
BTI010,133.52354,-2.10788
BTI011,133.66318,-2.08897
BTI012,133.11497,-2.45723
BTI013,133.25457,-2.53978
BTI015,133.536675,-2.116727
BTI016,133.51999,-2.10471
BTI017,133.516,-2.09973
BTI019,133.60211,-2.12155
BTI020,133.72064,-2.06825
BTI022,133.123,-2.44631
BTI023,133.47001,-2.07257
BTI024,133.52631,-2.11054
BTI026,133.52911,-2.11542
BTI028,133.54388,-2.12298
BTI029,133.50363,-2.09048
BTI036,133.45064,-2.53402
BTI040,133.69089,-2.04313
BTI041,133.72302,-2.05143
BTI042,133.61775,-2.11114
BTI043,133.67496,-2.0808
BTI044,133.533614,-2.119419
BTI058,133.1485,-1.91067
BTI059,133.35425,-2.49658
BTI060,133.68651,-2.07444
BTI100,133.1545,-2.57393
BTI101,133.57917,-2.12808
BTI102,133.64512,-2.09705
BTI103,133.50657,-2.0971
BTI104,133.68823,-2.08867
BTI107,133.55122,-2.12099
BTI108,133.19684,-2.604
BTI110,133.45529,-2.06353
BTI120,133.418,-2.21148
BTI207,132.88972,-2.27232
BTI213,133.48197,-2.07766
BTI214,133.73273,-2.03429
BTI216,133.56332,-2.12662
BTI903,133.55673,-2.13185
BTI904,133.49508,-2.08412
BTI905,133.54595,-2.12828
BTI906,133.60939,-2.10838
BTI907,133.5381,-2.12242
BTW002,136.44112,-2.20717
BTW003,136.42,-2.22417
BTW005,136.38098,-2.23699
BTW006,136.4006,-2.21946
BTW011,136.01728,-2.70947
BTW013,136.41535,-2.20996
BTW021,136.37004,-2.2463
BTW032,136.76201,-2.29833
BTW033,136.40746,-2.23909
BTW034,136.44828,-2.21194
COK001,138.949442,-4.108797
COK003,140.40462,-2.51781
COK004,131.31223,-0.89618
COK007,136.86907,-4.53326
COK008,136.8415,-4.54749
COK013,140.69646,-2.62503
COK014,140.512315,-2.569799
COK024,128.16541,-3.65973
COK026,140.54703,-2.54723
COK027,133.29512,-2.50084
COK030,132.36435,-1.87649
COK032,136.87607,-4.565804
COK033,140.85293,-7.05124
COK036,131.326875,-0.923223
COK038,131.28,-0.882022
COK039,140.40184,-8.50821
COK042,136.94397,-4.55562
COK044,134.03054,-0.91725
COK045,134.068,-0.85678
COK047,140.91265,-7.10258
COK059,131.62664,-7.61992
COK068,134.03157,-0.98797
COK070,140.68326,-2.60353
COK071,133.137,-2.44886
COK072,128.18733,-3.65229
COK074,132.74756,-5.64319
COK088,128.95168,-3.301509
COK092,132.71834,-5.6625
COK113,131.23402,-1.12712
COK117,140.41672,-8.50693
COK118,136.23719,-1.85915
COK119,138.0032,-2.33285
COK120,128.21907,-3.66379
COK121,127.097,-3.26873
COK122,140.5144,-2.59622
COK123,128.20265,-3.62639
COK124,134.22251,-5.76765
COK125,140.68358,-2.60349
COK128,136.86287,-4.46086
COK134,128.193,-3.65646
COK171,127.7908,-8.14745
COK176,128.085,-3.70939
COK177,128.33039,-3.30958
COK179,140.67819,-2.60836
COK180,140.50938,-2.57599
COK186,127.9367,-3.7576
COK187,136.85633,-4.56296
COK188,140.40625,-8.49331
COK189,141.00055,-8.42547
COK190,140.40781,-8.49833
COK191,140.41503,-8.50734
COK192,131.33121,-0.96113
COK195,131.32878,-0.94311
COK211,134.05324,-0.8381
COK212,128.14373,-2.92415
COK213,140.51679,-8.52684
COK215,138.9897,-1.97495
COK217,128.2048,-3.680665
COK220,134.04177,-0.85977
COK221,128.19624,-3.6694
COK222,128.18666,-3.6554
COK223,132.743772,-5.633836
COK224,128.69787,-3.58545
COK225,132.69775,-5.68388
COK234,132.23486,-1.47491
COK241,136.05153,-1.17182
COK242,140.45785,-2.54708
COK243,140.77912,-2.71032
COK244,140.58992,-2.6849
COK245,135.74664,-0.73956
COK251,137.11347,-4.09419
COK252,136.86439,-4.50809
COK253,140.74982,-7.30553
COK254,140.392518,-8.498634
COK264,131.33529,-0.95814
COK273,140.50973,-2.55388
COK274,136.23672,-1.88265
COK278,134.07104,-0.84065
COK279,130.98068,-1.34633
COK288,128.22743,-3.09385
COK289,132.0892,-2.92843
COK301,137.10281,-4.10521
COK303,140.47694,-6.9229
COK304,132.28169,-2.9235
COK305,131.28221,-1.06416
COK336,136.23576,-1.85181
COK337,131.25243,-1.13281
COK339,134.14481,-1.55643
COK340,135.49312,-3.36857
COK353,134.04658,-0.89097
COK502,135.34556,-3.4125
COK503,136.24051,-1.87262
COK868,136.88179,-4.53012
DBO001,134.23915,-5.80802
DBO002,134.22457,-5.76714
ENT002,136.37663,-3.92916
ENT006,136.428,-3.9439
ENT007,136.38132,-3.92737
ENT008,136.03287,-4.00972
ENT010,136.2826111,-4.0355888
ENT014,135.933,-3.96917
ENT022,136.01117,-4.02423
ENT166,136.05188,-4.03491
ENT173,136.10536,-3.97837
ENT314,136.30036,-4.03296
FFK001,132.30551,-2.92469
FFK002,132.29307,-2.92483
FFK003,132.31251,-2.93167
FFK004,132.20464,-2.92144
FFK005,132.26919,-2.92621
FFK006,132.26469,-2.91764
FFK007,132.29683,-2.92633
FFK009,132.29823,-2.91903
FFK010,132.435,-2.70051
FFK011,132.32949,-2.94186
FFK012,132.30727,-2.92939
FFK013,132.20815,-2.70387
FFK015,132.30001,-2.92853
FFK016,132.85453,-3.46931
FFK017,132.29501,-2.93104
FFK018,132.31801,-2.93528
FFK019,132.30687,-2.93199
FFK020,132.29022,-2.92949
FFK022,132.27259,-2.92827
FFK023,132.30569,-2.92764
FFK026,132.31792,-2.93154
FFK027,132.30011,-2.92286
FFK029,132.30132,-2.91971
FFK032,132.30524,-2.93081
FFK033,132.30994,-2.92298
FFK034,132.29743,-2.92991
FFK036,132.30241,-2.92248
FFK037,132.32122,-2.93791
FFK038,132.28375,-2.92773
FFK039,132.29633,-2.91471
FFK040,132.31406,-2.93391
FFK044,132.35124,-2.96006
FFK045,132.23894,-2.92035
FFK050,132.35097,-2.93233
FFK075,132.17667,-2.92926
FFK077,132.28955,-2.91361
FFk106,132.93381,-2.64466
FFK148,132.9493,-2.9087
FFK158,132.98865,-2.89425
FFK159,132.99269,-2.86541
FFK360,132.71955,-3.48129
JAP001,140.10673,-2.54401
JAP003,140.66947,-2.60558
JAP005,140.704668,-2.541853
JAP007,140.71411,-2.53056
JAP008,140.63556,-2.59694
JAP009,140.47767,-2.54925
JAP010,140.71469,-2.5537
JAP011,140.70624,-2.57507
JAP012,140.72042,-2.519426667
JAP013,140.67947,-2.60385
JAP014,140.69806,-2.54389
JAP015,140.65756,-2.61089
JAP016,140.69007,-2.56797
JAP017,140.60461,-2.59291
JAP018,140.708,-2.53709
JAP020,140.52632,-2.59494
JAP022,140.49641,-2.55679
JAP023,140.16485,-2.59783
JAP024,140.52446,-2.56513
JAP025,140.66586,-2.61083
JAP026,140.53328,-2.57156
JAP027,140.11821,-2.55222
JAP028,140.51083,-2.56875
JAP029,140.70625,-2.5608
JAP030,140.77778,-2.64302
JAP031,140.17164,-2.59181
JAP032,140.14548,-2.35816
JAP034,140.70422,-2.51417
JAP036,140.67572,-2.59197
JAP037,140.77263,-2.66933
JAP038,140.7132,-2.5474
JAP039,140.63009,-2.6065
JAP040,140.41746,-2.52439
JAP041,140.68889,-2.62139
JAP043,140.6516,-2.58641
JAP045,140.14069,-2.55014
JAP047,140.71517,-2.56075
JAP050,140.51298,-2.57029
JAP051,140.70975,-2.5500278
JAP052,140.7222194,-2.5330611
JAP054,140.73705,-2.52706
JAP055,140.7075,-2.5089611
JAP056,140.7066694,-2.5308306
JAP057,140.70544,-2.55421
JAP058,140.70448,-2.5402
JAP059,140.707937,-2.573625
JAP060,140.68461,-2.58828
JAP061,140.64486,-2.60839
JAP062,140.57564,-2.58761
JAP063,140.373,-2.44401
JAP064,140.37086,-2.49653
JAP066,140.24965,-2.64107
JAP067,140.7169,-2.54905
JAP069,140.69747,-2.56639
JAP070,140.23619,-2.65915
JAP071,140.50424,-2.57628
JAP074,140.5091,-2.55262
JAP075,140.67458,-2.60351
JAP077,140.67082,-2.609675
JAP079,140.58934,-2.6855
JAP080,140.68173,-2.60794
JAP083,140.6598,-2.60167
JAP084,140.70366,-2.56717
JAP085,140.51583,-2.56217
JAP089,140.45851,-2.53382
JAP090,140.5491,-2.57023
JAP093,140.66797,-2.59389
JAP094,140.67491,-2.62191
JAP095,140.72966,-2.51005
JAP096,140.67886,-2.61288
JAP098,140.64116,-2.58995
JAP106,140.10717,-2.55408
JAP109,140.70371,-2.53295
JAP110,139.38337,-3.76991
JAP114,140.70258,-2.54371
JAP115,139.93858,-2.51125
JAP116,140.86606,-2.61912
JAP117,140.68155,-2.59495
JAP119,140.53706,-2.57251
JAP120,140.70093,-2.56384
JAP121,140.49199,-2.56991
JAP122,140.52225,-2.56858
JAP125,140.6283,-2.59565
JAP126,140.69157,-2.54629
JAP127,140.71123,-2.56367
JAP128,140.23584,-2.59185
JAP130,140.63028,-2.57939
JAP131,140.68829,-2.59237
JAP132,140.68994,-2.56156
JAP133,140.64525,-2.58182
JAP134,140.6732,-2.59648
JAP135,140.68271,-2.61791
JAP136,140.66708,-2.6135
JAP137,140.6713817,-2.6141183
JAP138,140.70154,-2.5694
JAP140,140.69411,-2.57217
JAP141,140.70447,-2.55002
JAP142,140.70757,-2.55706
JAP143,140.72782,-2.52098
JAP144,140.73668,-2.5197
JAP145,140.50081,-2.56417
JAP146,140.705711,-2.53486
JAP147,140.50554,-2.55843
JAP149,140.68301,-2.61369
JAP153,140.71619,-2.55678
JAP154,140.71095,-2.53893
JAP155,140.50051,-2.56306
JAP156,135.33179,-3.43682
JAP157,140.51982,-2.56619
JAP158,140.66584,-2.61172
JAP159,140.70125,-2.56763
JAP160,140.70975,-2.56645
JAP161,140.71797,-2.55759
JAP165,140.73032,-2.51693
JAP168,140.7195,-2.50476
JAP169,140.704707,-2.56889
JAP171,140.63255,-2.58982
JAP174,140.66997,-2.58838
JAP176,140.64589,-2.59622
JAP177,140.65609,-2.58314
JAP178,140.67651,-2.61013
JAP180,140.65151,-2.60471
JAP181,140.4773,-2.58751
JAP182,140.65546,-2.60646
JAP184,140.69934,-2.55328
JAP185,140.67361,-2.61689
JAP186,140.7036889,-2.5363806
JAP187,140.115,-2.81458
JAP188,140.71287,-2.51297
JAP189,140.73604,-2.52345
JAP190,140.67275,-2.59301
JAP191,140.52519,-2.57456
JAP192,140.49152,-2.56321
JAP193,140.69937,-2.57034
JAP194,140.72183,-2.52872
JAP195,140.64085,-2.58825
JAP196,140.68712,-2.61991
JAP197,140.69096,-2.57745
JAP198,140.63968,-2.59544
JAP199,140.71249,-2.55875
JAP200,140.71603,-2.52975
JAP201,140.69392,-2.56733
JAP202,140.700948,-2.543599
JAP203,140.66693,-2.60545
JAP204,140.70686,-2.57093
JAP205,140.50661,-2.56501
JAP206,140.50954,-2.56479
JAP211,140.52273,-2.576373
JAP212,140.63337,-2.60094
JAP213,140.19485,-2.59895
JAP214,140.723999,-2.524939
JAP215,140.6423,-2.58349
JAP217,140.50079,-2.55408
JAP220,140.6803,-2.61732
JAP222,140.67303,-2.59364
JAP223,140.7199553,-2.5313369
JAP225,140.54305,-2.57903
JAP227,140.6515,-2.59571
JAP230,140.472798,-2.549453
JAP239,140.6871,-2.57581
JAP243,140.7184111,-2.5270694
JAP245,140.73329,-2.52349
JAP250,140.63933,-2.59347
JAP255,140.70715,-2.568699
JAP256,140.5249,-2.55695
JAP258,140.7172694,-2.5599306
JAP259,140.67332,-2.60447
JAP260,140.67719,-2.60156
JAP262,140.9958805,-2.6076805
JAP263,140.51326,-2.56568
JAP264,140.70759,-2.54644
JAP265,140.49361,-2.5736
JAP270,140.49395,-2.55332
JAP271,140.710244,-2.53769
JAP272,140.71151,-2.538591
JAP273,140.71716,-2.53551
JAP274,140.713548,-2.538114
JAP278,140.706643,-2.53516
JAP280,140.64644,-2.57843
JAP282,140.70311,-2.54155
JAP283,140.705933,-2.53984
JAP284,140.7024806,-2.5431
JAP285,140.706009,-2.537715
JAP286,140.71355,-2.5633
JAP289,140.666509,-2.610397
JAP290,140.52749,-2.56866
JAP291,140.68763,-2.56859
JAP292,140.6311,-2.59793
JAP293,140.66724,-2.60878
JAP294,140.67081,-2.59202
JAP295,140.48885,-2.5574
JAP296,140.700078,-2.545331
JAP297,140.6235,-2.57864
JAP298,140.7239972,-2.5343056
JAP301,140.50504,-2.58194
JAP302,140.4631,-2.54214
JAP303,140.570337,-2.584555
JAP304,140.69739,-2.62785
JAP305,140.51242,-2.56099
JAP306,140.68929,-2.57349
JAP307,140.702183,-2.542626
JAP308,140.67306,-2.60927
JAP309,140.66922,-2.61383
JAP310,140.62581,-2.59461
JAP311,140.67149,-2.6193
JAP312,140.6637,-2.61078
JAP314,140.67859,-2.58399
JAP315,140.49862,-2.56978
JAP316,140.63298,-2.59617
JAP317,140.63774,-2.59528
JAP318,140.65808,-2.59819
JAP320,140.6754,-2.60616
JAP321,140.6366,-2.59922
JAP322,140.66306,-2.61339
JAP323,140.67636,-2.61488
JAP324,140.67121,-2.59925
JAP325,140.670868,-2.6115
JAP326,140.67891,-2.59786
JAP327,140.714956,-2.522613
JAP328,140.713262,-2.535132
JAP329,140.704215,-2.547165
JAP333,140.55402,-2.58094
JAP334,140.57591,-2.58227
JAP335,140.49657,-2.56126
JAP336,140.71902,-2.53343
JAP337,140.61873,-2.59357
JAP343,140.49063,-2.57352
JAP344,140.695,-2.54415
JAP345,140.67229,-2.60561
JAP346,140.70084,-2.5454
JAP347,140.66435,-2.61238
JAP349,140.71175,-2.53719
JAP350,140.6757,-2.61834
JAP351,140.70506,-2.53599
JAP352,140.67671,-2.59643
JAP353,140.50424,-2.57155
JAP354,140.67335,-2.59942
JAP357,140.7089556,-2.5128139
JAP358,140.66966,-2.59621
JAP360,140.69989,-2.54394
JAP361,140.70323,-2.55974
JAP362,140.69495,-2.56952
JAP363,140.66852,-2.60745
JAP364,140.70831,-2.53555
JAP366,140.7047844,-2.55815
JAP367,140.724143,-2.522919243
JAP368,140.7242611,-2.5303889
JAP370,140.69626,-2.55455
JAP371,140.67982,-2.61058
JAP372,140.67453,-2.61467
JAP373,140.69122,-2.57216
JAP374,140.65498,-2.6073
JAP375,140.65067,-2.60277
JAP376,140.64272,-2.60368
JAP377,140.63847,-2.5979
JAP378,140.63315,-2.59846
JAP379,140.52265,-2.57216
JAP380,140.5163,-2.5656
JAP381,140.51395,-2.57958
JAP382,140.513892,-2.567752
JAP383,140.503149,-2.56094119
JAP384,140.49228,-2.55856
JAP387,140.7140539,-2.5503011
JAP388,140.71045,-2.53372
JAP389,140.70978,-2.54477
JAP390,140.70587,-2.54324
JAP391,140.70375,-2.55313
JAP392,140.47325,-2.54635
JAP395,140.7337,-2.5148861
JAP396,140.52507,-2.56959
JAP397,140.67957,-2.60094
JAP398,140.69509,-2.55089
JAP399,140.72031,-2.53279
JAP400,140.46935,-2.54902
JAP402,140.7126,-2.5227
JAP403,140.59354,-2.58786
JAP404,140.69783,-2.54166
JAP405,140.720344,-2.54529
JAP406,140.48624,-2.55361
JAP407,140.7159611,-2.5335
JAP408,140.516883,-2.572426
JAP409,140.69946,-2.56557
JAP410,140.64488,-2.58658
JAP412,140.504667,-2.568597
JAP413,140.67558,-2.61262
JAP414,140.63826,-2.6016
JAP415,140.65034,-2.60636
JAP416,140.45887,-2.54005
JAP417,140.67015,-2.60192
JAP418,140.70499,-2.5347
JAP420,140.70927,-2.52741
JAP421,140.72435,-2.518
JAP422,140.46043,-2.54316
JAP423,140.722529,-2.531452
JAP424,140.73496,-2.52114
JAP425,140.67833,-2.61725
JAP426,140.732624,-2.520442
JAP427,140.7147783,-2.5583644
JAP428,140.66895,-2.61658
JAP429,140.72456,-2.50641
JAP430,140.7160194,-2.5245389
JAP431,140.13464,-2.5452
JAP432,140.63828,-2.59063
JAP433,140.70271,-2.55455
JAP434,140.62813,-2.59927
JAP435,140.64575,-2.58381
JAP436,140.68344,-2.62101
JAP437,140.68469,-2.61933
JAP439,140.66725,-2.59203
JAP441,140.63127,-2.59368
JAP442,140.71307,-2.55566
JAP443,140.6777,-2.60399
JAP444,140.707937,-2.573625
JAP445,140.49982,-2.55084
JAP447,140.51857,-2.57047
JAP448,140.41165,-2.56551
JAP450,140.72112,-2.52298
JAP451,140.46656,-2.56093
JAP452,140.65024,-2.58291
JAP453,140.712018,-2.566098
JAP454,140.6418,-2.58604
JAP456,140.42834,-2.53102
JAP457,140.44406,-2.53301
JAP458,140.668625,-2.5968361
JAP459,140.85116,-2.65439
JAP460,140.39175,-2.51225
JAP461,140.2995,-2.61059
JAP462,140.66782,-2.58938
JAP463,140.52991,-2.56995
JAP464,140.57666,-2.594012
JAP465,140.37536,-2.65228
JAP466,140.51501,-2.56993
JAP468,140.63483,-2.58276
JAP470,140.67308,-2.60199
JAP472,140.45309,-2.53047
JAP474,140.57695,-2.57861
JAP475,140.68505,-2.5645
JAP478,140.64034,-2.59726
JAP479,140.66448,-2.61481
JAP481,140.50182,-2.58219
JAP482,140.66785,-2.6037
JAP483,140.69739,-2.5454
JAP486,140.71696,-2.6014
JAP489,140.5107667,-2.5631972
JAP495,140.67555,-2.59444
JAP496,140.28271,-2.65378
JAP500,140.50417,-2.58582
JAP501,140.68492,-2.55211
JAP502,140.48717,-2.63126
JAP507,140.673897,-2.61924223
JAP508,140.70468,-2.53276
JAP511,140.70609,-2.53375
JAP516,140.68359,-2.60985
JAP520,140.719186,-2.556404
JAP522,140.68945,-2.57597
JAP523,140.4668,-2.5465
JAP526,140.63499,-2.60018
JAP529,140.45752,-2.54057
JAP530,140.50015,-2.57263
JAP532,140.50876,-2.56221
JAP533,140.50494,-2.56455
JAP534,140.72305,-2.5264
JAP535,140.64107,-2.5941
JAP536,140.708086,-2.518363
JAP537,140.7262694,-2.5239306
JAP538,140.67111,-2.59437
JAP539,140.65813,-2.60818
JAP540,140.70814,-2.544633
JAP541,140.734045,-2.518735
JAP543,140.71508,-2.5626
JAP544,140.49362,-2.56185
JAP545,140.6912118,-2.582071465
JAP548,140.70374,-2.57281
JAP553,140.18843,-2.56702
JAP554,140.49393,-2.54656
JAP555,140.49384,-2.56021
JAP559,140.03513,-2.36305
JAP632,140.79305,-2.61813
JAP633,140.52686,-2.54854
JAP634,140.45974,-2.57161
JAP635,140.3379,-2.62001
JAP638,140.66093,-2.60952
JAP645,140.0919056,-2.9939639
JAP646,139.41165,-3.7679
JAP674,140.85022,-2.612297
JAP676,140.7881111,-2.7191
JAP694,140.34216,-2.464
JAP742,140.65984,-2.61245
JAP743,140.50146,-2.57743
JAP745,139.92114,-2.4581
JAP747,140.54768,-2.55223
JAP759,140.72241,-2.63409
JAP761,140.46771,-2.54171
JAP763,140.63336,-2.59413
JAP822,140.43056,-2.50804
JAP823,140.88713,-2.61737
JAP826,140.81063,-2.65005
JAP827,140.80206,-2.64689
JAP828,140.80642,-2.66741
JAP829,140.77682,-2.65488
JAP830,140.4975,-2.57886
JAP831,140.77109,-2.62937
JAP832,140.82202,-2.68547
JAP836,140.80028,-2.63055
JAP846,140.19904,-2.58694
JAP915,140.68558,-2.60439
JAP925,140.45697,-2.54982
JAP926,140.84373,-2.66642
JAP977,140.50938,-2.57608
JAP978,140.77776,-2.71128
KEP001,139.31956,-6.53613
KEP002,139.26979,-6.56911
KEP003,139.59,-7.16361
KEP004,139.3183305,-6.5261111
KEP005,139.31085,-6.53818
KEP006,139.15411,-6.12406
KEP016,139.29283,-6.56024
KEP017,139.29006,-6.56209
KEP029,139.30176,-6.55012
KEP034,139.21016,-6.57101
KEP064,139.30292,-6.55826
KEP066,139.32788,-6.52517
KMN002,133.70619,-3.66408
KMN005,133.74047,-3.6435
KMN006,133.69914,-3.64081
KMN008,133.76202,-3.66781
KMN009,133.71933,-3.61273
KMN010,133.59262,-3.41929
KMN011,133.76124,-3.66202
KMN012,133.76337,-3.66201
KMN013,133.72301,-3.65861
KMN015,133.7651,-3.67083
KMN016,133.75136,-3.64476
KMN017,133.76027,-3.66585
KMN018,133.7649,-3.66387
KMN046,133.74185,-3.6331
KMN048,133.69663,-3.6578
KMN049,133.56764,-3.42679
KMN059,133.72803,-3.60506
KMN060,133.70624,-3.61917
KRG001,138.47128,-3.68748
KRG003,138.481616,-3.683908
MRK001,140.3941,-8.48968
MRK002,140.25261,-8.29501
MRK003,140.4319,-8.53599
MRK004,140.40396,-8.51839
MRK005,140.4196,-6.64959
MRK006,140.55894,-6.61755
MRK007,140.399288,-8.485606
MRK008,140.38418,-8.48664
MRK009,140.40799,-8.49915
MRK010,140.45076,-8.46292
MRK011,140.39503,-8.50476
MRK012,140.51587,-8.35281
MRK013,140.3953,-8.47608
MRK014,140.40168,-8.50964
MRK015,140.3901,-8.49706
MRK016,140.37534,-8.50503
MRK017,140.36389,-8.24361
MRK018,140.42128,-8.50659
MRK019,140.41562,-8.47976
MRK020,140.47202,-8.40643
MRK021,140.29361,-8.27661
MRK022,140.41256,-6.66251
MRK023,140.31261,-8.27045
MRK025,140.3888,-8.37711
MRK027,140.44868,-8.44936
MRK028,140.69871,-8.29434
MRK030,140.41583,-8.52717
MRK031,140.22299,-8.34991
MRK032,140.23521,-8.35406
MRK033,140.43475,-8.46609
MRK034,140.26181,-8.25571
MRK036,140.38443,-8.49324
MRK037,140.83713,-7.54704
MRK038,140.73241,-8.28631
MRK040,140.38795,-8.48436
MRK042,140.40302,-8.49548
MRK043,140.40253,-8.49023
MRK044,140.40285,-8.50038
MRK046,140.42326,-6.63915
MRK048,140.39983,-8.50633
MRK049,140.39071,-8.50096
MRK050,140.39243,-8.49154
MRK055,140.38884,-8.48073
MRK056,140.3917972,-8.4954222
MRK057,140.39923,-8.48908
MRK059,140.4152,-8.53778
MRK060,140.40311,-8.50701
MRK061,140.396908,-8.495077
MRK062,140.51513,-8.39125
MRK063,140.50233,-8.32366
MRK066,140.39807,-8.50461
MRK067,140.40697,-8.51498
MRK068,140.39851,-8.47971
MRK069,140.39925,-8.49882
MRK070,140.401915,-8.502892
MRK071,140.3969,-8.49209
MRK072,140.38945,-8.48903
MRK075,140.4231,-8.52199
MRK088,141.00674,-8.43155
MRK089,140.77413,-8.15764
MRK091,140.22679,-8.28536
MRK092,140.40705,-8.50892
MRK093,140.531848,-6.8989
MRK094,140.45777,-8.53522
MRK095,140.44267,-8.43806
MRK096,140.41098,-8.51628
MRK097,140.39925,-8.49371
MRK098,140.3974,-8.5022
MRK099,140.3965111,-8.4692306
MRK100,140.39257,-8.47811
MRK101,140.41111,-8.52236
MRK104,140.43729,-8.44361
MRK105,140.39569,-8.48538
MRK106,140.38561,-8.48963
MRK107,140.44194,-8.46882
MRK108,140.40428,-8.51321
MRK109,140.381528,-8.490934
MRK110,140.40806,-8.51914
MRK111,140.51039,-8.3791
MRK112,140.40911,-8.50673
MRK113,140.39286,-8.48643
MRK114,140.3718,-8.50065
MRK115,140.76105,-8.19364
MRK116,140.38645,-8.49756
MRK117,140.38083,-8.50746
MRK119,140.49217,-8.39888
MRK120,140.42159,-8.51403
MRK121,140.38964,-8.51403
MRK125,140.41605,-8.50205
MRK126,140.786,-7.32234
MRK128,140.414322,-8.517501
MRK129,140.39609,-8.48826
MRK130,140.7572,-7.39347
MRK131,140.37355,-8.36219
MRK132,140.75381,-7.45047
MRK133,140.2945,-8.43456
MRK137,140.4266357,-8.53281
MRK139,140.47569,-8.29354
MRK140,140.49215,-8.34028
MRK144,140.37463,-8.49416
MRK146,140.396918,-8.499306
MRK159,140.42975,-8.50575
MRK166,140.38145,-8.51259
MRK186,140.39717,-8.52479
MRK194,140.76316,-8.13021
MRK195,140.78091,-8.08109
MRK196,140.44199,-8.49733
MRK198,140.74786,-8.00252
MRK201,140.19896,-8.24791
MRK202,140.21429,-8.21221
MRK203,140.40839,-8.16544
MRK204,140.71092,-7.08248
MRK206,140.76231,-7.78149
MRK208,140.37114,-8.47818
MRK209,140.63817,-8.29127
MRK210,140.4108,-6.67894
MRK211,140.47349,-8.53053
MRK212,140.47555,-8.56944
MRK222,140.45613,-8.31332
MRK223,140.7549,-8.0521
MRK228,140.7989,-8.19537
MRK235,140.23798,-8.30358
MRK242,140.27861,-8.2893
MRK243,140.65385,-7.30966
MRK244,140.55403,-8.33339
MRK245,140.4262,-8.46151
MRK258,140.54753,-7.4083
MRK263,140.52184,-8.33612
MRK265,140.45157,-8.42412
MRK284,140.43658,-8.4124
MRK286,140.77899,-7.48322
MRK289,140.40862,-8.48833
MRK292,140.38528,-8.50187
MRK295,140.44893,-8.5452
MRK304,140.92703,-6.9863
MRK326,140.90674,-7.01649
MRK351,140.36766,-8.26329
MRK361,140.42343,-8.18132
MRK363,140.40915,-8.44723
MRK421,140.74962,-7.30527
MRK694,140.48692,-8.36078
MRK698,140.24937,-8.34879
MRK700,140.72818,-8.15397
MRK704,140.78599,-8.24928
MRK705,140.36163,-8.20474
MRK706,140.76886,-8.25087
MRK709,140.74616,-7.26419
MRK734,140.32216,-8.45406
MRK764,140.67831,-7.30171
MRK766,140.0419,-7.94814
MRK813,140.801597,-7.098914
MRK814,140.889833,-7.042639
MRK816,140.68315,-7.29992
MRK817,140.58421,-7.39648
MRK818,140.39401,-8.483
MRK819,140.40323,-8.35302
MRK820,140.3345,-8.29039
MRK821,140.29559,-8.28498
MRK822,140.3929,-8.50993
MSH001,128.38779,-3.32879
MSH002,127.92686,-3.68395
MSH003,128.20678,-3.07914
MSH004,130.49368,-3.10769
MSH005,129.23423,-3.40006
MSH006,128.96365,-3.29591
MSH007,128.67358,-3.43191
MSH008,128.27771,-3.21417
MSH009,128.06073,-3.28669
MSH010,129.99381,-3.44983
MSH011,130.89833,-3.87833
MSH012,130.46522,-3.08039
MSH013,131.38673,-4.00742
MSH015,128.67056,-3.55751
MSH016,128.9575,-3.30763
MSH017,129.89917,-4.52476
MSH018,128.43264,-3.44263
MSH019,128.50434,-3.51875
MSH020,128.80028,-3.64471
MSH021,128.0918133,-3.587238333
MSH022,128.00098,-3.77837
MSH023,128.13256,-3.58762
MSH024,128.48917,-2.84722
MSH025,128.97061,-3.25752
MSH026,128.93298,-3.18882
MSH027,128.92185,-3.20658
MSH028,129.02255,-3.20821
MSH029,129.54387,-3.37628
MSH030,128.97596,-3.36041
MSH031,128.28609,-3.61931
MSH032,129.27917,-3.41139
MSH033,127.94404,-3.36065
MSH034,129.01952,-3.22481
MSH035,128.159,-3.59119
MSH036,127.92194,-3.14556
MSH037,129.2067,-3.38887
MSH038,129.7794,-3.32502
MSH039,129.53692,-3.46942
MSH040,128.11922,-3.58773
MSH041,129.4698,-2.78694
MSH042,129.37825,-2.79196
MSH043,128.65611,-2.84306
MSH044,129.05364,-2.799
MSH045,129.04017,-3.00755
MSH046,129.07638,-3.10694
MSH047,128.41848,-3.43421
MSH048,128.54199,-3.44392
MSH049,130.82501,-3.79944
MSH051,128.94201,-3.32462
MSH052,128.97399,-3.29745
MSH053,128.98978,-3.21791
MSH054,130.48402,-3.09961
MSH055,129.92715,-2.98899
MSH056,128.367533,-3.3439
MSH057,128.18974,-3.06311
MSH058,129.89722,-4.54611
MSH059,127.98151,-3.38651
MSH060,128.70831,-3.59638
MSH061,128.6188,-3.58346
MSH062,128.953,-3.30375
MSH063,128.3137,-3.2691
MSH064,128.06624,-3.22401
MSH065,128.35626,-3.61101
MSH066,128.027305,-3.59233
MSH067,129.11911,-3.35111
MSH068,127.94238,-3.67355
MSH070,127.89698,-3.49031
MSH071,127.93951,-3.34392
MSH072,127.95186,-3.00728
MSH073,128.1179,-3.00834
MSH074,127.84325,-3.16419
MSH075,129.9627,-3.36181
MSH076,128.131083,-3.09075
MSH078,129.62489,-3.3115
MSH079,128.87799,-3.20435
MSH080,128.19413,-3.555
MSH082,128.394611,-2.870861
MSH083,128.69008,-3.51544
MSH084,128.51682,-3.45421
MSH085,127.61739,-3.36741
MSH086,129.51005,-3.30426
MSH087,127.9684,-3.64181
MSH088,128.77568,-3.26654
MSH089,128.72801,-2.86388
MSH090,128.92528,-3.34162
MSH091,128.68898,-3.40385
MSH092,129.68021,-2.83904
MSH093,130.14671,-3.03401
MSH094,130.38769,-3.0152
MSH095,128.52071,-3.60914
MSH096,131.42173,-3.95517
MSH098,128.35634,-3.33529
MSH100,128.29901,-3.23689
MSH101,128.41891,-3.60384
MSH103,128.5560111,-3.5489388
MSH104,128.20065,-3.070623333
MSH105,128.3304,-3.63398
MSH106,128.950865,-3.3087916
MSH107,130.48812,-3.10521
MSH108,129.90344,-4.52537
MSH109,128.198,-3.06893
MSH110,128.84788,-3.23033
MSH111,128.94301,-3.31044
MSH112,130.92281,-3.89607
MSH113,128.97021,-3.28472
MSH114,128.05901,-3.25384
MSH115,128.05679,-3.31194
MSH116,128.66101,-3.59531
MSH117,128.06094,-3.5902
MSH118,129.04238,-3.21561
MSH119,128.13045,-2.95987
MSH120,129.87247,-2.96986
MSH121,128.34381,-2.86394
MSH122,128.956279,-3.298257
MSH130,129.49756,-2.79707
MSH133,127.91656,-3.43652
MSH139,128.966234,-3.301196
MSH142,130.47437,-3.09504
MSH143,128.946,-3.30783
MSH144,128.69441,-3.49675
MSH145,130.4949588,-3.104516747
MSH146,129.80015,-2.92021
MSH147,129.24107,-2.92287
MSH148,128.957955,-3.302546
MSH149,130.50429,-3.10921
MSH150,128.43963,-3.62942
MSH151,129.85697,-2.95105
MSH153,128.71535,-3.60432
MSH154,128.47167,-3.51888
MSH155,128.32374,-3.29007
MSH156,128.93171,-3.32024
MSH157,128.2035,-3.07271
MSH158,128.19468,-3.06299
MSH159,128.19768,-3.54251
MSH160,128.97665,-3.28343
MSH161,128.96858,-3.29381
MSH162,128.96748,-3.30629
MSH163,128.363229,-3.351476
MSH164,128.9591,-3.2998
MSH165,130.49251,-3.10482
MSH166,128.9628,-3.3027
MSH171,128.48371,-3.52061
MSH175,128.38412,-3.38485
MSH179,129.02249,-3.35227
MSH187,129.87939,-4.54938
MSH193,128.06521,-3.07641
MSH195,129.08307,-3.33916
MSH199,128.97086,-3.29887
MSH201,128.9598,-3.297596
MSH205,128.33855,-3.59499
MSH207,128.70924,-2.8635
MSH209,127.75134,-3.24653
MSH213,128.7832,-3.69241
MSH214,128.03451,-3.59454
MSH216,128.97003,-3.30171
MSH217,128.49113,-3.61901
MSH227,128.61652,-3.42667
MSH238,127.91359,-3.28979
MSH242,127.87475,-3.1992
MSH248,130.0935,-3.04031
MSH249,129.00616,-2.81651
MSH255,128.76328,-3.68591
MSH256,129.97376,-3.04251
MSH258,129.66011,-3.31569
MSH265,129.82957,-2.99447
MSH266,129.74284,-2.93241
MSH276,128.88626,-2.85833
MSH277,129.94497,-3.0209
MSH300,129.94009,-4.52698
MSH301,129.90667,-4.50993
MSH303,128.67938,-3.35714
MSH304,128.56646,-3.50262
MSH316,129.58263,-3.30785
MSH335,128.64807,-3.53032
MSH337,129.07207,-3.247
MSH366,127.92378,-3.71026
MSH369,129.307828,-2.89641
MSH370,129.878296,-2.99496
MSH374,128.37487,-3.30773
MSH375,130.03263,-3.04289
MSH376,129.71868,-2.85386
MSH378,127.63023,-3.32975
MSH379,127.79845,-3.22278
MSH381,127.9155,-3.53651
MSH383,128.55333,-2.85413
MSH384,130.86263,-3.63088
MSH385,127.94434,-3.48827
MSH386,127.94937,-3.53119
MSH387,131.44214,-4.04153
MSH388,128.21365,-3.0989
MSH389,131.40148,-3.95554
MSH390,131.41474,-4.05811
MSH391,128.34701,-3.33219
MSH392,128.3778,-3.37109
MSH393,128.35926,-3.33972
MSH394,128.23228,-3.06311
MSH395,130.25836,-3.05979
MSH396,128.94919,-3.29695
MSH397,129.92254,-3.04445
MSH403,129.39816,-3.41535
MSH406,129.90715,-3.33504
MSH407,129.05911,-2.88328
MSH408,129.07605,-2.85255
MSH409,127.95272,-3.11974
MSH411,128.02603,-3.07975
MSH414,130.1785,-3.05132
MSH418,130.38831,-3.06778
MSH422,130.82916,-3.75836
MSH424,127.93269,-3.39668
MSH425,127.92653,-3.30584
MSH426,128.11937,-3.0656
MSH427,128.0759,-3.02243
MSH429,129.77301,-2.89163
MSH433,129.91017,-2.96796
MSH439,130.86308,-3.55717
MSH440,129.00223,-3.19492
MSH442,128.0658,-3.19494
MSH443,127.97414,-3.41069
MSH446,129.1168,-2.95885
MSH468,127.93478,-3.75221
MSH503,128.96729,-3.29793
MSH515,129.18331,-2.93944
MSH521,130.79608,-3.31427
MSH523,130.88039,-3.58671
MSH607,129.69966,-3.31717
MSH608,129.02042,-3.27055
MSH609,129.97304,-3.41606
MSH624,127.55544,-3.33581
MSH625,127.69819,-3.25377
MSH626,128.94294,-3.35482
MSH627,129.41624,-2.79256
MSH628,128.33907,-3.52528
MSH629,129.05915,-3.22673
MSH630,129.55159,-3.38986
MSH631,129.8253,-3.32934
MSH758,128.12003,-2.95835
MSH776,128.99151,-3.2566
MSH797,128.20342,-3.06315
MSH883,128.69789,-3.58547
MUL001,137.9854,-3.71652
MUL005,137.63945,-3.9772
MUL006,138.19971,-3.70499
MUL053,137.9688357,-3.7045345
MWR001,134.06427,-0.85839
MWR002,134.08578,-0.86495
MWR003,134.06427,-0.83425
MWR004,133.82722,-0.88161
MWR005,134.07416,-0.85853
MWR006,134.05316,-0.89103
MWR007,133.7844,-0.85348
MWR008,134.05899,-0.86779
MWR009,134.03194,-0.99278
MWR010,134.18666,-1.5111
MWR011,134.06783,-0.85678
MWR012,134.12562,-0.87669
MWR013,133.72685,-0.78968
MWR014,134.03592,-0.91371
MWR015,134.04238,-0.86172
MWR016,134.06797,-0.85753
MWR017,134.04689,-0.86402
MWR018,134.064112,-0.862508
MWR019,134.05481,-0.85278
MWR020,134.06251,-0.85694
MWR021,133.89079,-0.92096
MWR022,134.2398,-1.31397
MWR023,134.02253,-0.92441
MWR024,134.04165,-0.89768
MWR025,134.0632682,-0.871656574
MWR026,134.05244,-0.86545
MWR027,134.19073,-1.51063
MWR028,133.70952,-0.85521
MWR029,134.0777567,-0.86963
MWR030,134.05815,-0.83848
MWR031,133.78869,-0.835
MWR032,133.60167,-0.78733
MWR033,133.93709,-0.97378
MWR034,134.0887,-0.87648
MWR035,134.06571,-0.84363
MWR036,134.09354,-0.89317
MWR037,134.05067,-0.84658
MWR038,133.85391,-0.8963
MWR039,134.04594,-0.87154
MWR040,134.00768,-0.93779
MWR041,134.20301,-1.50913
MWR042,134.00526,-0.94628
MWR043,134.08146,-0.81672
MWR044,134.05859,-0.86155
MWR045,134.082876,-0.872838
MWR046,134.07894,-0.83536
MWR047,134.1037,-0.8712
MWR049,134.06967,-0.85469
MWR050,134.12054,-0.85713
MWR051,134.05995,-0.87036
MWR054,133.9001,-0.92465
MWR055,134.04829,-0.86826
MWR056,134.05556,-0.86479
MWR057,134.06591,-0.86481
MWR058,134.04595,-0.86823
MWR059,134.0588,-0.84339
MWR060,133.82162,-0.87909
MWR061,134.04038,-0.890718
MWR062,133.826443,-0.872873
MWR064,134.06692,-0.83581
MWR065,134.0723,-0.859067
MWR066,134.14941,-1.4942
MWR070,134.0670389,-0.85322
MWR071,134.06175,-0.85224
MWR072,134.046605,-0.859733333
MWR073,134.1099,-0.86267
MWR074,134.04967,-0.87686
MWR075,133.59293,-0.75818
MWR076,134.029271,-0.996466
MWR077,134.07178,-0.86454
MWR078,134.04466,-0.88726
MWR079,134.06176,-0.86569
MWR080,134.05532,-0.84216
MWR081,134.03497,-0.92971
MWR082,134.07807,-0.87162
MWR083,133.63899,-0.80065
MWR084,134.07001,-0.82989
MWR085,134.06659,-0.86111
MWR086,133.814736,-0.88188
MWR087,134.06689,-0.85026
MWR088,134.04494,-0.8657
MWR090,134.0488183,-0.871293333
MWR091,134.051049,-0.868006
MWR093,134.06873,-0.84051
MWR095,134.05087,-0.86541
MWR096,134.0364,-0.90506
MWR098,133.8831,-0.9061
MWR100,133.70006,-0.78241
MWR101,133.79128,-0.90564
MWR102,134.17424,-1.51043
MWR105,133.81404,-0.87146
MWR106,134.03943,-0.85634
MWR109,134.051941,-0.862942
MWR110,133.72791,-0.77854
MWR111,134.07053,-0.85636
MWR112,133.79013,-0.85812
MWR113,134.14024,-1.58537
MWR114,133.89308,-0.91242
MWR116,134.04847,-0.84053
MWR117,134.03288,-0.89878
MWR119,133.99949,-0.93874
MWR120,134.04267,-0.92493
MWR123,134.0675,-0.86712
MWR124,134.04583,-0.88022
MWR125,134.04955,-0.87897
MWR126,134.04809,-0.8755
MWR127,134.05072,-0.88542
MWR128,134.07548,-0.86561
MWR129,134.058894,-0.864925
MWR130,134.06402,-0.87022
MWR135,134.04312,-0.8529
MWR141,134.05598,-0.86711
MWR142,134.0099,-0.93131
MWR143,133.98422,-0.75373
MWR144,133.5347,-0.75127
MWR146,134.06038,-1.03593
MWR147,133.73117,-0.82034
MWR149,134.11353,-1.58887
MWR155,133.87941,-1.40031
MWR162,133.65709,-0.84441
MWR169,133.97201,-0.92048
MWR178,133.717,-0.84754
MWR181,133.84396,-0.89161
MWR182,133.76319,-0.825
MWR183,134.05038,-0.86033
MWR184,134.22602,-1.35321
MWR185,133.86656,-0.93071
MWR186,133.55824,-0.75583
MWR187,133.99797,-0.92219
MWR188,133.96116,-0.98147
MWR189,133.69844,-0.82959
MWR190,134.04689,-0.80608
MWR194,134.15834,-1.57056
MWR195,133.73653,-0.74904
MWR200,134.06132,-0.83403
MWR203,134.21785,-1.32574
MWR205,133.7546,-0.7199
MWR208,134.22949,-1.28467
MWR210,133.74233,-0.85596
MWR212,134.2669,-1.33291
MWR215,134.21048,-1.37435
MWR217,134.01931,-0.93054
MWR218,134.05859,-0.85678
MWR222,134.03165,-0.88715
MWR224,134.03755,-0.88529
MWR225,133.88618,-0.95299
MWR232,134.06157,-0.86039
MWR243,133.58673,-0.80915
MWR250,134.03709,-0.87487
MWR251,133.98142,-0.92675
MWR275,134.12783,-1.16248
MWR286,133.91476,-1.3302
MWR290,134.04961,-0.85198
MWR302,134.03437,-0.924827
MWR303,134.09312,-0.85644
MWR304,134.05198,-0.8678
MWR308,133.88838,-0.89378
MWR309,133.89134,-0.91309
MWR311,134.02581,-0.93045
MWR313,134.00672,-0.95558
MWR314,134.07384,-1.07811
MWR319,134.11486,-1.14936
MWR365,134.1153,-0.87264
MWR366,134.01778,-1.00073
MWR367,133.82011,-0.8866
MWR368,133.90441,-1.32005
MWR369,134.2282,-1.31401
MWR370,133.80559,-0.88349
MWR384,134.1672,-1.5186
MWR557,133.83253,-0.87708
MWR567,133.73164,-0.85926
MWR589,133.68184,-0.85351
MWR698,133.92492,-1.31476
MWR699,134.16164,-1.50332
MWR700,134.22951,-1.33917
MWR703,133.76036,-0.85401
MWR705,133.99948,-0.95109
MWR707,134.12659,-0.86868
MWR708,133.75476,-0.8096
MWR709,133.63405,-0.83938
MWR728,134.02443,-0.98726
MWR806,134.14563,-1.55671
MXW003,126.2938,-7.69315
MXW005,127.81382,-8.10893
MXW011,126.513764,-3.777631
MXW019,131.647083,-7.505056
MXW037,129.864889,-7.900472
MXW060,130.77746,-3.84653
MXW061,133.133247,-5.503725
MXW062,128.658786,-7.150999
MXW063,130.47284,-3.69694
MXW067,127.907533,-2.921475
MXW072,127.44006,-7.60021
MXW073,127.237923,-3.852384
MXW075,127.1963,-3.8916
MXW076,127.6569,-3.2333
MXW078,127.69706,-3.1811
MXW079,128.0215,-8.1653
MXW081,126.238683,-3.132961
MXW082,126.018694,-3.179028
MXW085,126.005621,-3.24008
MXW090,129.775694,-4.519861
MXW091,129.677417,-4.55627
MXW095,128.1531944,-8.216277778
MXW096,128.6953889,-8.176083333
MXW097,129.948483,-4.550397
MXW098,129.950159,-4.541252
MXW130,133.0925,-5.3686
MXW131,132.9572,-5.7563
MXX022,137.040278,-3.738889
MXX042,130.91967,-0.32244
MXX073,130.94711,-0.03079
MXX108,139.444439,-7.783007
MXX113,132.4948,-1.26055
MXX114,138.160941,-8.19715
MXX118,140.454543,-7.966623
MXX120,138.81856,-7.399925
MXX121,138.84489,-7.985361
MXX122,140.559382,-7.329627
MXX125,132.114458,-0.777981
MXX126,133.1355028,-0.546727778
MXX127,133.3938333,-0.744972222
MXX128,132.435415,-0.80646
MXX129,133.0555,-0.804444
MXX130,132.734806,-0.8725
MXX131,132.19053,-0.424369
MXX132,132.090333,-0.4974
MXX133,132.4948,-1.26055
MXX139,135.84278,-3.522235
MXX140,135.57156,-3.54281
MXX141,135.16728,-3.374663
MXX142,135.75124,-3.118333
NAB002,135.52731,-3.33602
NAB003,135.45222,-3.45644
NAB004,135.58705,-3.23016
NAB005,135.51222,-3.35417
NAB006,135.39944,-3.39452
NAB007,135.51352,-3.37971
NAB008,135.37393,-3.41971
NAB009,135.50345,-3.35766
NAB010,135.50432,-3.36703
NAB011,135.48404,-3.39359
NAB012,135.51956,-3.34562
NAB013,135.57205,-3.2876
NAB014,135.74501,-3.16758
NAB015,135.5096,-3.36012
NAB016,135.40772,-3.4325
NAB017,135.50864,-3.37088
NAB018,140.65013,-2.59882
NAB019,135.4777694,-3.37105
NAB020,135.53333,-3.34209
NAB021,135.44661,-3.44024
NAB023,135.75936,-3.05103
NAB024,135.59056,-3.50088
NAB025,135.50522,-3.38357
NAB026,135.53904,-3.3399
NAB027,135.48872,-3.36644
NAB028,135.5001,-3.35931
NAB029,135.50675,-3.39146
NAB030,135.49847,-3.36472
NAB031,135.48587,-3.38275
NAB032,135.51028,-3.36622
NAB033,135.55318,-3.32124
NAB034,135.5258,-3.34267
NAB035,135.47897,-3.38902
NAB036,135.52434,-3.34862
NAB037,135.45631,-3.43219
NAB038,135.48544,-3.37011
NAB039,135.40996,-3.4206
NAB040,135.47969,-3.38136
NAB041,135.48814,-3.39717
NAB042,135.58233,-3.27767
NAB044,135.52952,-3.34667
NAB045,135.4667,-3.42119
NAB046,135.5146,-3.34864
NAB047,135.3657,-3.47522
NAB048,135.46806,-3.42817
NAB053,135.5098,-3.37547
NAB054,135.50612,-3.36285
NAB056,135.50786,-3.35401
NAB057,135.50114,-3.36634
NAB059,135.25277,-3.45168
NAB062,135.59195,-3.23314
NAB063,135.50247,-3.36103
NAB064,135.54289,-3.31971
NAB066,135.53016,-3.34022
NAB067,135.50851,-3.37933
NAB068,135.52044,-3.33966
NAB070,135.52842,-3.36724
NAB071,135.50236,-3.37292
NAB072,135.50132,-3.38602
NAB073,135.51117,-3.35048
NAB074,135.49313,-3.36421
NAB076,135.4677,-3.37649
NAB078,135.50694,-3.3583
NAB080,135.52317,-3.33767
NAB082,135.49325,-3.41149
NAB091,135.307039,-3.451918
NAB093,135.60221,-3.25397
NAB094,135.78486,-3.18017
NAB097,135.34569,-3.4161
NAB098,135.42121,-3.36845
NAB100,135.33775,-3.48249
NAB108,135.5525,-3.30843
NAB109,135.5525,-3.30843
NAB111,135.47845,-3.40213
NAB113,135.41451,-3.44805
NAB115,135.31853,-3.3917
NAB119,135.4912,-3.38951
NAB120,135.7307694,-3.1792389
NAB122,135.36254,-3.44849
NAB128,135.53789,-3.32761
NAB141,135.56247,-3.30955
NAB143,135.51298,-3.34417
NAB162,135.58636,-3.27198
NAB182,135.51653,-3.34344
NAB200,135.31129,-3.49424
NAB202,135.58235,-3.2775306
NAB203,135.47229,-3.3799
NAB204,135.51981,-3.3557
NAB205,135.4512,-3.44738
NAB206,135.44037,-3.42756
NAB207,135.48466,-3.37361
NAB208,135.50967,-3.38434
NAB209,135.52017,-3.37652
NAB210,135.49218,-3.38344
NAB211,135.33513,-3.44591
NAB212,135.46157,-3.38342
NAB244,135.19343,-3.41758
NLA001,127.09755,-3.27469
NLA002,127.01852,-3.41627
NLA003,127.08845,-3.22668
NLA005,126.99057,-3.37431
NLA006,126.72403,-3.84578
NLA007,127.10576,-3.26729
NLA008,127.08628,-3.25737
NLA009,126.72304,-3.8447
NLA010,127.0232,-3.29406
NLA011,127.01589,-3.30095
NLA012,126.9333,-3.39882
NLA013,127.02225,-3.39941
NLA014,126.93168,-3.41073
NLA015,126.44873,-3.08401
NLA016,126.71887,-3.06946
NLA017,126.99168,-3.14721
NLA018,127.05811,-3.18453
NLA019,127.26431,-3.38482
NLA020,127.10293,-3.27189
NLA021,127.08747,-3.26576
NLA022,127.0083,-3.43274
NLA023,126.92187,-3.44161
NLA024,127.09939,-3.27766
NLA025,126.9536,-3.39045
NLA026,126.9174,-3.41701
NLA027,127.02441,-3.16845
NLA028,127.11594,-3.27701
NLA029,127.09901,-3.28141
NLA030,127.08301,-3.22373
NLA031,127.07265,-3.20024
NLA033,127.04213,-3.40779
NLA036,126.73376,-3.84511
NLA037,127.10124,-3.25033
NLA040,126.68284,-3.06335
NLA042,127.10812,-3.27628
NLA044,127.10707,-3.27303
NLA045,126.95475,-3.43945
NLA046,127.09147,-3.26415
NLA047,127.10316,-3.27731
NLA048,127.10671,-3.26226
NLA050,127.09221,-3.27184
NLA051,126.88391,-3.11856
NLA052,127.10266,-3.39678
NLA053,127.11225,-3.27869
NLA054,127.09555,-3.27191
NLA055,127.08515,-3.25131
NLA056,127.10047,-3.26442
NLA057,126.72794,-3.84521
NLA059,127.11295,-3.27291
NLA060,127.09821,-3.26867
NLA061,127.09553,-3.22112
NLA064,127.10821,-3.28059
NLA065,126.70834,-3.84677
NLA072,127.16262,-3.82641
NLA073,126.74068,-3.84091
NLA074,126.84237,-3.79076
NLA078,127.11436,-3.38441
NLA087,126.76604,-3.06187
NLA089,127.02309,-3.28007
NLA091,126.84378,-3.0877
NLA104,126.88992,-3.51635
NLA116,126.59127,-3.06956
NLA147,126.38388,-3.09581
NLA148,126.318,-3.09946
NLA149,126.96742,-3.40077
NLA150,126.99526,-3.72265
NLA151,126.97624,-3.33243
NLA152,126.4781,-3.08237
NLA153,126.80584,-3.06864
NLA154,126.95428,-3.34751
NLA155,126.95599,-3.76647
NLA156,126.76465,-3.8326
NLA157,126.97942,-3.35802
NLA211,127.24844,-3.5825
NLA213,127.06521,-3.68132
NLA230,127.06375,-3.25745
NLA231,126.83572,-3.550783
NLA270,126.95641,-3.14138
NLA279,126.53461,-3.07418
NLA283,126.923416,-3.48277
NLA322,127.13665,-3.65948
NLA381,126.99411,-3.14572
NLA382,126.89975,-3.39629
NLA383,126.98366,-3.34817
NTK001,132.54411,-5.8511
NTK002,132.45317,-6.02244
NTK013,139.76127,-2.43861
NTK015,140.11508,-2.32071
NTK016,140.06184,-2.59889
NTK022,136.79785,-4.46008
NTK023,136.81453,-4.43845
NTK042,134.1127,-1.14103
NTK043,132.78868,-5.90466
NTK044,133.08177,-5.38282
NTK047,132.44489,-3.01215
NTK051,133.80283,-0.92737
NTK054,132.67891,-5.90131
NTK056,132.56479,-3.11529
NTK058,132.25293,-2.92234
NTK059,134.14438,-1.17098
NTK060,133.91439,-0.97377
NTK061,133.94892,-0.97298
NTK062,132.54227,-3.14478
NTK063,133.4823,-0.8059
NTK064,133.97122,-0.9681
NTK065,132.36389,-2.94651
NTK066,132.47191,-3.03206
NTK067,132.502,-3.05866
NTK068,133.40647,-3.70356
NTK069,132.13687,-2.94027
NTK071,132.96669,-2.60274
NTK072,133.4228,-3.4206
NTK073,133.51317,-3.40464
NTK074,133.92191,-3.86374
NTK075,132.3198,-5.52367
NTK077,133.43923,-3.81113
NTK078,140.49364,-2.66973
NTK079,131.97834,-5.37973
NTK080,132.00224,-5.57543
NTK081,133.36848,-3.62001
NTK082,131.93499,-5.66276
NTK176,132.36425,-2.96614
NTK177,133.00792,-5.67793
NTK178,133.56652,-0.81033
NTK179,133.79297,-0.78564
OKS001,140.63574,-4.90625
OKS004,140.62834,-4.90166
PTK419,109.31939,-0.04586
RAS001,134.51189,-2.72692
RAS003,134.53246,-2.81188
RAS004,134.51312,-2.76186
RAS005,134.50891,-2.70977
RAS006,134.51017,-2.75477
RAS027,134.50862,-2.7181
RAS031,134.52087,-2.77259
RAS049,134.53212,-2.84411
RAS050,134.52551,-2.78538
RAS051,134.49565,-2.65664
RAS052,134.50986,-2.74714
RAS055,134.53131,-2.82425
RAS058,134.46455,-2.56546
RAS059,134.5118,-2.74251
SMH001,139.488078,-4.858843
SMH003,139.480122,-4.868835
SMH004,139.52115,-4.886552
SMH032,139.500587,-4.865714
SMH056,139.494361,-4.881412
SMH057,139.49756,-4.84337
SMH058,139.47222,-4.902814
SMI004,138.75311,-1.87856
SMI006,138.74618,-1.86039
SMI007,138.77833,-1.90501
SMI008,138.71678,-1.98684
SMI010,138.03784,-2.30489
SMI012,139.79707,-2.38137
SMI013,139.56571,-2.2893
SMI014,138.75253,-1.89031
SMI015,139.0837889,-2.0235889
SMI016,139.38366,-2.20165
SMI017,138.75101,-1.85047
SMI024,139.17675,-2.07466
SMI026,138.6856069,-1.8096281
SMI027,138.7446,-1.85466
SMI032,138.75139,-1.88661
SMI033,138.75681,-1.88697
SMI037,139.25887,-2.11761
SMI040,138.03444,-2.32867
SMI045,139.68993,-2.37021
SMI049,139.54495,-2.27923
SMI050,139.7223,-2.38425
SMI056,138.88413,-1.96682
SMI070,138.79239,-1.92905
SMI071,138.586,-1.77243
SMI086,138.73581,-1.94568
SMI121,138.1709,-1.63354
SMI123,139.6203,-2.34472
SMI128,137.41859,-2.09735
SMI129,137.8886,-1.48601
SMI131,138.61519,-3.27125
SMI132,138.00908,-2.32558
SMI136,137.59367,-1.59128
SMI211,138.71199,-1.99069
SML001,131.3055,-7.976055556
SML003,131.47832,-7.76265
SML004,131.72192,-7.1561
SML006,131.3245,-7.94579
SML007,131.30139,-7.98
SML008,127.16622,-8.07141
SML009,131.27504,-7.85763
SML010,131.3095,-7.967716
SML011,131.31896,-7.99488
SML012,131.11687,-8.12966
SML013,129.59446,-7.87097
SML014,127.68657,-8.15675
SML015,127.80734,-8.14604
SML017,131.71547,-7.15424
SML018,131.29801,-7.98897
SML019,131.29761,-7.98083
SML025,131.30195,-7.97726
SML026,131.299503,-7.977586
SML027,131.33202,-7.85461
SML028,131.35341,-7.90584
SML040,131.31099,-7.95845
SML041,131.37825,-7.85061
SML048,131.28462,-7.92153
SML051,131.23033,-8.00535
SML060,130.93703,-8.1408
SML066,131.29651,-7.98285
SML070,131.52808,-7.72642
SML086,126.34216,-7.70664
SML088,127.81757,-8.12895
SML090,131.31389,-7.92805
SML096,131.11357,-7.95547
SML107,130.81698,-8.3134
SML108,131.91997,-7.22952
SML111,127.20136,-8.08882
SML112,131.91816,-7.06896
SML114,127.79065,-8.15838
SML115,127.78908,-8.16569
SML116,127.83457,-8.14277
SML141,127.80906,-8.16541
SML150,127.65372,-8.17589
SML151,130.88394,-8.24606
SML154,131.58289,-7.66805
SML156,131.43933,-7.81236
SML216,127.74623,-8.17954
SML253,131.12996,-7.68534
SML254,131.03668,-7.66759
SML255,131.61459,-7.64398
SML256,130.9986,-8.22228
SML257,131.72591,-7.1348
SML258,131.70224,-7.42462
SML341,131.31149,-7.96183
SML425,127.7908,-8.14745
SON001,131.281418,-0.881828
SON002,131.02779,-1.30932
SON003,131.32766,-0.95897
SON004,131.32239,-0.87789
SON005,131.24563,-0.84272
SON006,131.26996,-0.885183
SON007,131.35455,-0.9874
SON008,131.26861,-1.15731
SON009,131.24904,-0.86576
SON010,131.32379,-0.91207
SON011,131.30168,-0.8807
SON012,131.25381,-0.87651
SON014,131.36816,-0.98861
SON015,131.48805,-1.12251
SON016,131.32222,-0.89647
SON017,131.28481,-1.07106
SON018,131.24361,-0.82191
SON020,131.29518,-0.96157
SON021,131.25958,-0.87241
SON023,131.23106,-1.11265
SON024,131.31785,-0.88869
SON025,130.89575,-1.27994
SON026,131.33247,-0.89386
SON027,131.23773,-0.88715
SON028,131.31105,-0.96005
SON029,131.29785,-0.90295
SON030,131.31468,-0.88409
SON031,131.29122,-0.87892
SON032,131.29334,-1.02236
SON034,131.24906,-0.87153
SON037,131.31927,-1.01873
SON038,131.276371,-0.88995
SON040,131.29045,-0.88694
SON041,131.30132,-0.88735
SON042,131.29694,-0.87528
SON043,131.25138,-0.85833
SON044,131.24847,-1.18928
SON047,131.26821,-0.99837
SON048,131.32072,-0.88835
SON049,131.25308,-0.86164
SON050,131.54096,-0.74829
SON054,131.28067,-1.12125
SON056,131.26642,-0.81421
SON057,131.30437,-0.96529
SON060,131.41382,-1.03426
SON061,131.29816,-0.88812
SON064,131.55823,-1.0733
SON065,131.32638,-0.90061
SON066,131.29468,-0.88251
SON067,131.29133,-0.88298
SON069,131.26541,-0.88305
SON070,131.31877,-0.89521
SON071,131.252939,-0.868902
SON072,131.31948,-1.00722
SON073,131.274803,-0.88601
SON074,131.31831,-0.89172
SON075,131.286905,-0.888207
SON076,131.26527,-0.88078
SON077,131.25494,-0.87303
SON079,131.24402,-0.87571
SON083,131.3252,-0.88168
SON085,131.28539,-0.88301
SON086,131.28506,-0.88605
SON087,131.28497,-0.87539
SON090,131.278168,-0.881778
SON091,131.29501,-0.87871
SON092,131.31401,-0.90152
SON093,131.24901,-0.85134
SON094,131.34501,-0.99826
SON095,131.31076,-0.87299
SON096,131.24855,-0.86898
SON097,131.275013,-0.879411
SON098,131.30927,-0.87965
SON099,131.30395,-0.98161
SON102,131.22908,-0.82873
SON105,131.29031,-1.03207
SON106,131.2659714,-0.885441746
SON107,131.279931,-0.879846
SON109,131.27518,-0.88206
SON110,131.25276,-0.87062
SON112,131.32145,-0.90348
SON113,131.31109,-0.88932
SON114,131.24719,-0.86285
SON115,131.30766,-0.88801
SON116,131.24733,-0.85951
SON117,131.25333,-0.86673
SON119,131.32719,-0.89105
SON120,131.271223,-0.888032
SON123,131.33046,-0.89807
SON124,131.277743,-0.87921
SON126,131.32451,-0.90371
SON129,130.97609,-1.39714
SON133,131.28227,-0.88663
SON135,131.32159,-0.88386
SON136,131.31535,-0.89151
SON137,131.3081161,-0.899324985
SON138,131.30531,-0.95807
SON140,131.288055,-0.882582
SON141,131.24837,-0.85438
SON142,131.25221,-0.84971
SON143,131.29801,-0.88175
SON144,131.33318,-0.93692
SON145,131.330768,-0.957518
SON146,131.29891,-0.87773
SON147,131.30614,-0.89214
SON148,131.30114,-0.88771
SON149,131.2816,-0.88903
SON150,131.29811,-0.8847
SON152,131.30551,-0.88971
SON154,131.30339,-0.89953
SON157,131.32272,-0.90058
SON158,131.31107,-0.88531
SON160,131.25751,-0.87623
SON161,131.24623,-0.86639
SON162,131.27957,-0.88294
SON163,131.27281,-0.88721
SON164,131.29662,-0.89017
SON165,131.28761,-0.88406
SON166,131.29447,-0.889795
SON167,131.25048,-0.86414
SON168,131.28668,-1.09431
SON169,131.2314,-1.23641
SON171,131.247985,-0.87758
SON172,131.35305,-0.97955
SON173,131.285078,-0.87993
SON176,131.32046,-0.99357
SON177,131.33115,-0.90053
SON178,131.24544,-0.87372
SON179,131.28467,-0.89006
SON180,131.24658,-0.86873
SON181,131.24598,-0.871738
SON183,131.30383,-0.88781
SON184,131.24954,-0.86208
SON185,131.28845,-0.879923
SON186,131.34737,-0.95627
SON187,131.31755,-0.89998
SON188,131.28783,-0.80681
SON189,131.31425,-0.88749
SON190,131.34003,-1.00415
SON191,131.31979,-0.90192
SON192,131.32933,-0.87898
SON193,131.25076,-0.84657
SON195,131.29114,-0.99743
SON196,131.30462,-0.87802
SON197,131.31471,-0.87827
SON199,131.30534,-1.03005
SON200,131.32442,-0.91021
SON201,131.32375,-0.88695
SON202,131.32646,-0.89672
SON203,131.29607,-0.88592
SON204,131.3232,-0.89231
SON205,131.29546,-1.05873
SON206,131.28918,-0.88996
SON207,131.29373,-0.87669
SON208,131.31093,-0.89239
SON209,131.25035,-0.8693
SON210,131.283603,-0.882735
SON211,131.33496,-0.96464
SON212,131.31791,-0.88944
SON213,131.33306,-0.89774
SON214,131.3213012,-0.8926467
SON216,131.292429,-1.158502
SON217,131.32271,-0.88181
SON218,131.32404,-0.89413
SON220,131.2681,-0.88167
SON221,131.3372,-0.95351
SON222,131.323763,-0.954377
SON223,131.32182,-0.90902
SON224,131.33336,-0.91543
SON225,131.30487,-0.97323
SON226,131.25611,-0.86371
SON227,131.29502,-0.88794
SON231,131.32971,-0.912067
SON232,131.28122,-0.95911
SON233,131.285024,-0.887632
SON237,131.33061,-0.88888
SON244,131.31734,-0.88096
SON245,131.46223,-1.13561
SON246,131.30595,-1.14521
SON247,131.23275,-0.88772
SON248,131.2161,-1.2318
SON249,131.26355,-1.26379
SON250,131.26161,-0.87913
SON252,131.31222,-0.90817
SON253,131.26096,-1.14199
SON256,132.08367,-0.49872
SON257,131.90793,-0.66464
SON260,131.31879,-0.87605
SON261,131.32196,-0.95919
SON262,131.24951,-0.85778
SON263,131.283463,-0.877064
SON265,131.30518,-0.97641
SON269,131.2711,-0.88104
SON285,131.31399,-0.95595
SON298,131.23374,-1.11759
SON299,131.24779,-1.15882
SON300,131.33504,-0.87537
SON303,131.19575,-0.88764
SON304,131.30086,-0.93947
SON305,132.41173,-0.79455
SON327,131.33646,-0.89992
SON329,131.23177,-0.82007
SON330,131.290646,-0.890876
SON341,131.3261,-0.9208
SON348,131.34428,-0.89348
SON353,131.25246,-0.87345
SON417,131.21639,-0.83894
SON433,131.45305,-1.17044
SON458,131.27062,-1.12577
SON463,131.36383,-0.98288
SON480,131.321,-0.94446
SON485,131.29689,-0.97845
SON515,131.33691,-0.95778
SON522,131.36796,-0.98851
SON523,131.3297,-0.95184
SON524,131.31255,-0.98699
SON525,131.25674,-0.84497
SON548,131.24306,-1.02833
SON554,131.32399,-0.91585
SON558,131.31151,-0.89655
SRU002,136.2306111,-1.8776389
SRU003,136.75143,-1.81956
SRU004,136.24621,-1.87108
SRU005,136.23569,-1.87264
SRU006,136.24263,-1.87952
SRU007,136.2453111,-1.88325
SRU008,136.2716611,-1.8827806
SRU009,136.24111,-1.87516
SRU010,136.2375306,-1.8869694
SRU011,136.24657,-1.87482
SRU013,136.31096,-1.85905
SRU015,136.2383417,-1.8652278
SRU016,136.23449,-1.87857
SRU017,136.2288,-1.90323
SRU030,136.254563,-1.890586
SRU031,136.22291,-1.87873
SRU032,136.23502,-1.85288
SRU108,136.25421,-1.87688
SRU109,136.23387,-1.89352
SRU110,136.3295,-1.8521
SRU127,136.72523,-1.81408
SRU128,136.23232,-1.86446
SRU129,136.2406,-1.88349
SRU130,136.76537,-1.81798
SRU152,136.23711,-1.88218
TIM001,136.88781,-4.54706
TIM002,136.88928,-4.45112
TIM003,137.088979,-4.140762
TIM004,136.85703,-4.39461
TIM006,136.8639111,-4.6208611
TIM007,136.81004,-4.53458
TIM008,136.85835,-4.44789
TIM010,136.88439,-4.51594
TIM011,136.93242,-4.39411
TIM012,137.09923,-4.11097
TIM013,136.87239,-4.41032
TIM015,137.09256,-4.15436
TIM016,136.82704,-4.67317
TIM017,136.75882,-4.53044
TIM019,136.88293,-4.55819
TIM021,136.8527335,-4.477921254
TIM022,136.83959,-4.63188
TIM023,136.8548,-4.536
TIM025,136.8405,-4.82716
TIM026,137.01186,-4.28505
TIM027,137.12058,-4.089277
TIM028,137.094,-4.14479
TIM029,136.86871,-4.39693
TIM030,137.07928,-4.22383
TIM032,136.87412,-4.59503
TIM033,136.88361,-4.50089
TIM034,136.89608,-4.55105
TIM035,136.87914,-4.54068
TIM037,136.8875,-4.565861111
TIM038,136.76469,-4.80417
TIM039,136.88042,-4.55095
TIM040,136.88982,-4.53923
TIM041,136.84095,-4.52049
TIM042,136.89609,-4.54505
TIM043,136.84299,-4.47503
TIM044,136.77612,-4.53032
TIM046,136.79057,-4.68124
TIM047,136.87416,-4.43515
TIM053,136.88414,-4.52204
TIM056,136.88557,-4.55362
TIM057,136.87104,-4.56679
TIM058,137.093455,-4.142642
TIM059,137.10181,-4.10846
TIM061,136.75714,-4.5535
TIM062,136.78372,-4.48826
TIM063,136.890969,-4.560974
TIM064,136.76947,-4.76624
TIM065,136.57101,-4.79421
TIM066,136.83296,-4.70782
TIM067,136.83426,-4.64345
TIM068,136.85495,-4.46931
TIM069,136.84167,-4.52701
TIM070,136.8471888,-4.5044194
TIM071,136.89139,-4.543721
TIM072,136.89311,-4.54884
TIM073,136.89439,-4.55436
TIM074,136.880896,-4.565485
TIM075,136.88718,-4.57238
TIM077,136.8902,-4.55032
TIM080,136.88304,-4.54894
TIM082,137.09183,-4.14299
TIM083,137.09964,-4.1098
TIM084,137.1000166,-4.107925
TIM085,137.09808,-4.10986
TIM086,137.08763,-4.14369
TIM087,137.09819,-4.15525
TIM088,136.88055,-4.54584
TIM089,136.886122,-4.561738
TIM090,136.87909,-4.55973
TIM091,136.89403,-4.54308
TIM093,136.88761,-4.5563
TIM094,136.8923,-4.54674
TIM095,136.89626,-4.54797
TIM096,136.893012,-4.552245
TIM097,136.88747,-4.54467
TIM098,136.8863396,-4.550732416
TIM099,136.859724,-4.528041
TIM100,136.8487251,-4.489274123
TIM101,136.83939,-4.53883
TIM102,136.85352,-4.456
TIM103,136.8735,-4.58705
TIM104,136.88408,-4.54289
TIM109,136.850137,-4.508707
TIM113,136.883471,-4.567197
TIM114,136.86548,-4.60359
TIM118,136.88181,-4.53749
TIM120,136.86916,-4.53907
TIM121,136.84019,-4.47033
TIM122,136.88277,-4.55329
TIM123,136.88267,-4.56142
TIM124,136.84957,-4.51514
TIM125,136.895547,-4.558294
TIM126,136.88261,-4.56946
TIM127,136.86407,-4.56448
TIM131,136.89808,-4.54266
TIM132,136.881385,-4.555991667
TIM135,136.86494,-4.59001
TIM142,136.88474,-4.5701
TIM143,136.88705,-4.55254
TIM144,136.891923,-4.541622
TIM145,136.889427,-4.548203
TIM146,136.88267,-4.58925
TIM147,136.890262,-4.564844
TIM148,136.88562,-4.56411
TIM149,137.10085,-4.10962
TIM152,137.09558,-4.14079
TIM155,136.893481,-4.55075
TIM156,136.88948,-4.54535
TIM157,136.88704,-4.54241
TIM158,136.88913,-4.48201
TIM159,136.8875,-4.55989
TIM160,136.88401,-4.5558
TIM161,136.89148,-4.57489
TIM162,136.87915,-4.57842
TIM163,136.87167,-4.59228
TIM164,136.86703,-4.59405
TIM165,136.86017,-4.55875
TIM166,136.88571,-4.53886
TIM167,136.84617,-4.51194
TIM168,136.85545,-4.40044
TIM169,136.87578,-4.53935
TIM172,136.888709,-4.56182
TIM173,136.88338,-4.54703
TIM174,136.883394,-4.551499
TIM175,136.894199,-4.53973
TIM176,136.86045,-4.47858
TIM177,136.89397,-4.56036
TIM178,136.87584,-4.58285
TIM179,136.88063,-4.56244
TIM180,136.88602,-4.53684
TIM181,136.89427,-4.54629
TIM183,136.8901,-4.52607
TIM184,136.8969611,-4.5395194
TIM185,136.87699,-4.54673
TIM186,136.87655,-4.54409
TIM187,136.897128,-4.553622
TIM188,136.876519,-4.564726
TIM189,136.891117,-4.557783
TIM190,136.87029,-4.58355
TIM191,136.84856,-4.48132
TIM192,136.87971,-4.54864
TIM193,136.85666,-4.40151
TIM194,136.8783556,-4.5961556
TIM196,136.847081,-4.51664
TIM197,136.8873,-4.55501
TIM198,136.88695,-4.56739
TIM200,136.896,-4.54142
TIM201,136.85388,-4.51928
TIM202,136.88553,-4.57587
TIM204,136.8681,-4.43494
TIM206,136.88977,-4.56735
TIM207,136.86237,-4.41231
TIM209,136.88239,-4.59421
TIM210,136.87608,-4.58803
TIM215,136.88205,-4.57764
TIM223,136.85369,-4.51329
TIM224,136.8522,-4.50474
TIM225,136.84442,-4.50715
TIM234,136.88899,-4.55549
TIM235,136.85242,-4.57879
TIM254,136.8623769,-4.4123161
TIM260,136.880729,-4.582094
TIM271,136.87996,-4.57263
TIM276,136.87901,-4.55741
TIM283,136.90874,-4.61747
TIM286,136.82944,-4.44944
TIM287,136.77777,-4.70177
TIM288,136.50984,-4.75889
TIM306,136.86675,-4.40053
TIM307,136.86414,-4.40808
TIM308,136.86021,-4.43785
TIM314,136.8889,-4.55288
TIM322,136.86621,-4.56349
TIM323,136.85728,-4.56606
TIM327,136.44724,-4.71495
TIM338,136.73698,-4.5731
TIM355,136.32607,-4.66473
TIM365,136.87162,-4.55744
TIM404,136.88223,-4.58493
TIM407,136.88371,-4.53372
TIM415,136.766374,-4.793802
TIM418,136.84264,-4.56187
TIM419,136.77971,-4.50814
TIM425,136.1425,-4.62302
TIM427,136.86016,-4.5484
TIM428,136.87494,-4.57507
TIM461,136.88347,-4.57449
TIM462,136.8799,-4.44903
TIM463,136.89975,-4.56694
TIM473,136.8712,-4.6142
TIM476,136.81007,-4.6691
TIM501,136.86865,-4.55987
TIM505,136.85901,-4.52378
TIM581,136.87399,-4.56966
TIM593,136.85204,-4.56309
TMB002,132.01678,-1.44692
TMB003,132.08903,-1.48032
TMB004,132.01444,-1.43389
TMB006,132.20243,-1.28174
TMB007,132.03401,-1.46704
TMB008,132.23001,-1.48177
TMB009,132.02361,-1.44951
TMB010,132.01428,-1.44373
TMB011,132.01062,-1.43953
TMB021,132.02603,-1.45667
TMB030,132.30724,-1.29973
TMB035,132.48102,-1.83451
TMB043,132.31277,-1.25494
TMB052,132.27629,-1.25498
TMB053,132.18755,-1.27321
TMB055,132.12024,-1.49627
TMB061,132.06903,-1.47619
TMB075,131.96541,-1.37361
TMB080,132.0083,-1.46635
TMB083,132.16522,-1.50152
TMB131,132.25787,-1.24691
TMB142,132.24369,-1.49111
TMB171,132.46126,-1.7846
TMB200,131.98137,-1.40824
TMR001,140.3111,-6.08839
TMR003,140.36397,-6.16566
TMR004,140.31204,-6.10396
TMR005,140.46083,-6.43056
TMR006,140.26789,-6.62624
TMR007,140.33244,-6.09339
TMR010,140.32091,-6.09779
TMR011,140.30216,-6.10172
TMR047,140.33478,-6.12558
TMR052,140.30864,-6.11371
TMR057,140.34565,-6.08218
TMR058,140.34214,-6.59953
TMR062,140.35877,-6.07427
TMR063,140.31317,-6.09977
TMR064,140.31063,-6.08821
TMR065,140.50492,-6.86244
TMR075,140.32116,-6.10588
TUL001,132.74497,-5.63181
TUL003,132.73692,-5.65253
TUL004,132.75383,-5.59144
TUL006,132.99781,-5.65486
TUL007,134.20835,-5.77833
TUL008,134.20557,-5.75702
TUL009,132.73662,-5.6844
TUL010,134.20128,-5.75358
TUL012,134.235555,-5.760514
TUL013,132.76683,-5.56759
TUL014,132.75022,-5.63613
TUL017,132.69228,-5.74747
TUL019,134.27738,-6.06111
TUL020,133.01891,-5.58584
TUL021,132.73683,-5.64385
TUL023,134.232617,-5.761686
TUL024,132.78401,-5.53505
TUL025,132.69575,-5.80586
TUL026,132.65501,-5.69726
TUL027,132.74266,-5.64833
TUL028,132.74932,-5.61671
TUL029,134.214242,-5.773777
TUL030,132.73778,-5.66534
TUL031,132.73302,-5.64852
TUL032,132.75443,-5.62807
TUL033,132.7373,-5.65536
TUL034,134.23694,-5.75821
TUL035,134.21321,-5.75864
TUL040,132.74654,-5.71481
TUL043,134.21831,-5.75968
TUL044,134.22479,-5.76379
TUL045,134.21835,-5.77282
TUL046,132.74413,-5.64069
TUL047,132.75162,-5.61331
TUL048,132.75012,-5.64001
TUL050,132.74287,-5.63469
TUL051,132.7411,-5.6513
TUL052,132.73077,-5.67021
TUL053,134.22343,-5.76003
TUL055,132.75249,-5.60899
TUL056,132.79848,-5.60976
TUL057,132.7466954,-5.6543069
TUL058,132.737051,-5.648691
TUL059,132.73527,-5.67015
TUL060,132.74941,-5.631481
TUL061,132.74588,-5.63839
TUL063,132.739113,-5.649336
TUL064,132.743538,-5.637505
TUL065,132.76216,-5.75272
TUL066,132.72879,-5.67021
TUL072,132.73915,-5.65506
TUL073,132.75288,-5.62433
TUL075,132.73969,-5.65805
TUL083,132.73344,-5.65387
TUL085,132.71457,-5.85199
TUL086,132.67397,-5.86428
TUL090,132.68855,-5.84358
TUL124,132.71731,-5.68118
TUL125,133.01003,-5.61873
TUL127,132.68364,-5.60951
TUL135,132.79645,-5.87701
TUL137,132.74855,-5.94335
TUL138,132.97503,-5.71407
TUL141,132.94623,-5.78305
TUL142,132.77759,-5.8092
TUL143,132.78163,-5.78209
TUL144,132.81077,-5.83779
TUL146,134.24095,-5.74165
TUL147,132.90921,-5.80574
TUL148,132.94697,-5.8335
TUL157,132.72813,-5.92625
TUL159,134.19478,-5.76804
TUL163,132.7472,-5.53432
TUL164,132.85803,-5.96695
TUL165,132.76263,-5.62997
TUL166,132.73183,-5.67355
TUL167,132.74727,-5.64204
TUL172,134.21385,-5.78745
TUL174,132.80279,-5.79175
TUL175,134.19194,-5.79594
TUL176,132.70887,-5.6212
TUL200,132.6806,-5.75456
TUL201,134.23071,-5.81491
TUL206,132.7466,-5.63535
TUL207,132.7832,-5.9278
TUL208,132.75244,-5.64717
TUL219,132.3198,-5.52367
TUL220,132.94906,-5.73806
TUL222,132.35562,-5.5562
TUL228,132.63869,-5.65974
TUL301,132.68862,-5.65429
TUL302,132.74796,-5.65898
TUL303,132.75521,-5.64376
TUL306,132.741145,-5.644633
TUL307,134.22854,-5.76492
TUL311,132.75945,-5.60442
TUL326,134.32754,-6.02759
TUL328,132.8719,-5.90687
TUL380,132.70405,-5.93247
TUL382,132.75959,-5.86415
TUL392,132.5922,-5.83225
TUL393,132.69701,-5.91451
TUL534,132.71942,-5.66392
UXW100,134.145026,-6.859111
UXW101,139.223197,-6.903226
UXW102,129.847876,-8.194648
UXW103,128.9755,-8.194491667
UXW104,129.83809,-7.944007
UXW105,134.233987,-5.817336
UXX019,131.238848,-4.011404
UXX026,127.182094,-3.827141
UXX027,126.183194,-3.607417
UXX030,126.018639,-3.336444
UXX031,126.44328,-3.67481
UXX032,128.095206,-8.208537
UXX033,126.05972,-3.14644
UXX034,126.167738,-3.563714
UXX035,131.976662,-7.001406
UXX036,131.58029,-7.641964
UXX037,126.41683,-7.92502
UXX038,134.83675,-6.487194
UXX039,129.874556,-8.123472
UXX040,128.948417,-8.223917
UXX041,134.755861,-6.628694
UXX042,130.819944,-8.323444
UXX043,131.916167,-7.104611
UXX044,131.616626,-7.643753
UXX045,130.040139,-7.759889
UXX046,129.526111,-7.88
UXX047,131.661361,-7.516722
UXX048,126.28344,-3.11087
UXX049,126.76927,-3.26988
UXX050,126.70322,-3.57545
UXX051,126.54713,-3.38786
UXX052,126.52541,-3.56542
UXX053,126.04316,-3.39839
UXX054,126.08803,-3.48216
UXX055,129.07769,-2.94484
UXX056,128.8833,-2.85873
UXX057,128.84734,-2.86784
UXX058,130.0433,-4.58099
UXX059,129.91937,-4.56681
UXX060,134.326592,-6.807145
UXX061,134.267012,-6.818206
UXX062,134.704996,-5.517621
UXX063,134.620851,-5.445643
UXX064,134.480685,-5.448013
UXX065,134.540734,-5.371397
UXX066,134.793849,-5.787403
UXX067,134.761761,-5.648177
UXX068,134.772165,-5.839537
UXX069,134.810697,-5.737903
UXX070,134.808563,-5.808599
UXX071,134.482138,-6.304538
UXX072,134.480425,-6.198638
UXX073,134.391673,-6.018554
UXX074,134.517415,-5.936939
UXX075,134.431904,-6.219406
UXX076,134.443426,-6.285332
UXX077,134.52317,-6.525558
UXX078,134.09449,-6.62355
UXX079,134.29318,-6.66695
UXX080,134.08247,-6.7098
UXX081,134.380392,-6.483666
UXX082,134.752276,-5.886366
UXX083,134.78266,-5.898136
UXX084,134.641144,-6.456139
UXX085,134.345045,-6.038697
UXX086,134.862195,-6.210939
UXX087,134.883276,-6.147566
UXX088,134.569161,-6.018685
UXX089,134.756477,-6.223082
UXX090,134.695235,-6.329935
UXX091,134.595387,-6.39347
UXX092,134.15041,-6.65517
UXX093,134.17453,-6.46811
UXX094,134.24815,-6.61411
UXX095,134.127484,-6.237633
UXX096,134.135123,-6.317684
UXX097,134.118538,-6.387227
UXX098,134.48874,-6.56225
UXX099,134.49914,-6.62095
UXX100,134.421693,-6.714296
UXX101,134.60828,-5.57234
UXX102,134.490957,-5.546578
UXX103,134.323517,-5.983555
UXX104,134.413627,-5.777762
UXX105,134.347667,-5.784999
UXX106,134.298836,-5.580508
UXX107,134.249156,-5.665832
UXX108,134.388761,-5.872833
UXX109,134.324122,-5.982606
UXX110,134.701063,-5.378347
UXX111,134.659653,-5.56843
UXX112,134.648369,-5.479205
UXX113,134.747708,-6.139076
UXX115,134.120279,-6.503627
UXX116,134.654322,-5.741377
UXX117,134.733863,-5.97683
UXX118,134.369466,-6.811301
UXX119,134.676306,-6.769525
UXX120,133.186841,-5.344097
UXX121,131.757048,-4.733412
UXX122,131.28814,-4.107837
UXX123,131.677098,-4.50463
UXX125,133.075372,-5.394838
UXX126,133.15661,-5.41039
UXX127,132.978675,-5.725248
UXX128,133.104791,-5.588792
UXX129,132.953006,-5.842146
UXX131,131.561531,-6.708541
UXX133,131.437927,-7.318391
UXX134,131.982319,-5.324466
UXX135,130.801328,-8.29204
UXX139,127.717062,-8.18451
UXX140,127.18318,-8.038864
UXX142,132.173889,-5.72781
UXX143,134.114734,-6.161711
UXX144,132.861589,-5.973496
UXX146,131.429845,-4.010906
UXX147,132.327212,-5.605342
UXX150,126.6272,-7.77673
UXX151,130.0083,-7.73872
UXX152,126.80354,-7.67618
UXX153,126.33706,-7.68101
UXX154,127.65519,-8.21255
UXX155,128.21825,-8.21951
UXX156,127.15391,-8.03791
UXX157,129.6729,-8.00901
UXX158,129.67058,-7.78837
UXX159,127.89973,-8.15485
UXX160,129.773984,-8.046843
UXX161,127.96359,-8.24328
UXX162,129.8683,-8.15703
UXX163,129.5209,-7.91014
UXX164,128.58805,-7.07467
UXX165,127.59632,-3.34617
UXX166,130.808555,-3.494629
UXX167,130.55409,-3.71368
UXX168,130.6145,-3.78161
UXX169,131.43631,-4.07498
UXX170,131.64062,-4.45616
UXX171,131.65355,-4.51678
UXX172,130.18868,-3.54981
UXX173,130.32798,-3.61164
UXX174,127.85642,-8.2077
UXX175,128.49963,-2.9488
UXX176,127.554705,-3.264993
UXX177,131.38309,-3.96495
UXX179,126.45816,-3.74818
UXX180,126.49356,-3.61644
UXX181,133.111017,-5.573792
UXX182,133.12045,-5.545772
UXY004,134.202252,-6.9344
UXY005,134.514576,-7.065416
UXY015,134.900056,-6.304682
UXY040,125.91745,-7.74234
UXY041,126.68841,-7.63256
UXY042,129.82057,-7.97726
UXY043,127.63952,-8.18735
UXY044,129.6028,-7.81853
UXY045,126.80475,-7.73975
UXY046,131.5808359,-4.3814704
UXY047,127.96494,-3.77364
UXY048,130.6956,-3.80944
UXY049,130.59738,-3.7539
UXY050,134.13069,-2.233118
UXY051,128.409159,-3.277593
UXY052,127.6980869,-3.2523972
UXY053,127.900593,-2.958211
UXY054,131.950156,-7.030522
UXY055,131.731789,-4.722889
UXY056,130.82332,-3.70745
UXY057,126.80359,-3.14929
UXY058,126.57682,-3.07857
UXY059,126.857794,-3.507004
UXY060,127.91975,-3.54251
UXY061,134.7640146,-6.1704459
UXY062,134.7378008,-6.2591512
UXY063,126.820699,-3.18208
UXY064,127.2411,-3.61331
UXY065,126.897528,-3.52892
UXY066,127.246312,-3.526163
UXY067,130.30944,-3.04843
UXY068,130.63316,-3.79247
UXY069,134.12028,-6.58754
UXY070,131.13914,-7.79486
UXY071,126.400138,-3.715293
UXY072,131.475,-7.18093
UXY073,131.048776,-7.424464
UXY074,130.3878,-3.06969
UXY075,131.3879551,-4.1486538
UXY076,130.54349,-3.19213
UXY077,130.87464,-3.60298
UXY078,130.83711,-3.54182
UXY079,126.77848,-3.55648
UXY080,129.93636,-4.56542
UYO003,135.333303,-1.489041
UYO009,138.742162,-1.623253
UYO010,140.878296,-4.449792
UYO024,140.9049291,-3.606686667
UYO025,138.061352,-3.698318
UYO026,138.123883,-3.702404
UYO028,138.021987,-3.718164
UYO029,138.094062,-3.706324
UYO030,137.925483,-3.725415
UYO031,135.99166,-0.91064
UYO032,135.7997,-0.9827
UYO035,140.58199,-5.87852
UYO037,140.82666,-5.63274
UYO038,137.969458,-3.718279
UYO039,137.727578,-3.230494
UYO040,138.463568,-1.74687
UYO041,140.84462,-5.86407
UYO042,140.7606,-6.19987
UYO043,138.84955,-2.2048
UYO044,138.587243,-1.772476
UYO046,135.77205,-0.88293
UYO047,140.803017,-6.126717
UYO048,140.23791,-5.62005
UYO049,140.14725,-5.52621
UYO050,139.97665,-5.499333
UYO051,140.92056,-5.69197
UYO053,140.64598,-5.75183
UYO054,140.46404,-5.9205
UYO055,140.43271,-5.41981
UYO056,140.2113,-5.80566
UYO057,139.94851,-6.139
UYO058,140.37278,-6.3994
UYO059,140.925417,-5.84695
UYO060,140.728083,-5.77175
UYO061,140.740483,-5.888317
UYO062,140.839933,-5.56
UYO063,140.7795,-5.954933
UYO064,140.954717,-5.639533
UYO065,140.769783,-5.722517
UYO066,140.629983,-5.848
UYO067,137.47089,-1.98481
UYO068,137.09096,-1.86449
UYO069,138.38843,-2.75968
UYO070,138.17561,-2.88957
UYO071,137.83355,-1.94499
UYO072,137.85037,-2.14067
UYO073,137.62983,-1.87866
UYO074,136.82944,-2.20562
UYO075,137.00531,-2.28972
UYO076,140.77678,-8.94204
UYO077,140.574495,-8.726698
UYO078,140.85226,-8.67251
UYO079,140.86871,-8.53875
UYO080,140.98665,-8.01166
UYO081,138.42301,-3.666225
UYO082,138.362942,-3.666598
UYO083,138.575777,-3.800147
UYO084,138.677787,-3.686237
UYO085,138.523328,-3.662932
UYO086,138.38176,-6.05931
UYO087,138.64426,-6.18273
UYO088,138.62489,-5.92619
UYO089,139.06273,-5.50421
UYO090,138.30945,-5.36037
UYO094,140.9905,-3.23721
UYO095,140.88441,-3.67317
UYO096,140.93763,-3.03071
UYO097,140.58772,-3.58207
UYO098,140.89247,-3.46705
UYO099,140.77295,-3.93038
UYO102,134.87287,-1.131367
UYO103,140.87744,-4.827796
UYO104,140.720739,-5.132171
UYO105,139.100227,-7.542414
UYO106,140.666466,-7.316055
UYO107,140.954489,-3.278248
UYO108,135.607342,-0.842166
UYO110,135.643617,-0.664207
UYO111,135.500073,-0.820352
UYO112,140.855288,-3.131388
UYO113,135.446914,-0.879833
UYO114,136.597342,-1.235275
UYO115,136.433456,-1.214532
UYO116,136.024953,-0.838667
UYO117,134.933687,-1.004622
UYO119,137.883978,-5.326503
UYO120,135.551763,-0.659989
UYO121,139.717777,-8.088208
UYO122,140.698,-5.870833
UYO124,140.73579,-4.891041
UYO125,140.43236,-4.39647
UYO126,130.18291,-1.76558
UYO127,136.52186,-1.85189
UYO128,138.9064,-3.41261
UYO129,138.633851,-3.73509
UYO130,138.839663,-3.656739
UYO131,138.754342,-3.780786
UYO132,138.980765,-3.837657
UYO133,139.18866,-3.49365
UYO135,140.86685,-4.19306
UYO136,140.82393,-5.09488
UYO137,140.84842,-4.74597
UYO138,140.94708,-4.57107
UYO140,135.81508,-0.6894
UYO141,139.8752,-5.80528
UYO143,135.91494,-0.77403
UYO144,138.7959,-2.00557
UYO148,137.848757,-3.807722
UYO149,137.42818,-3.81826
UYO152,139.171764,-3.823017
UYO153,139.060614,-3.893522
UYO154,140.5435,-5.86709
UYO155,139.46107,-7.03844
UYO156,139.348766,-3.8338092
UYO157,138.29398,-5.86243
UYO158,139.36124,-5.682173
UYO159,139.47654,-4.93365
UYO160,139.50374,-4.825
UYO162,140.76282,-7.39552
UYO163,139.057941,-6.270973
UYO164,139.629836,-5.604728
UYO166,138.370895,-4.766387
UYO167,139.47994,-5.34345
UYO168,139.74323,-5.28639
UYO169,139.80112,-5.21314
UYO170,140.8565,-5.77713
UYO171,140.28025,-5.89883
UYO172,135.8437,-4.05154
UYO175,140.72737,-5.77473
UYO176,140.34263,-6.140018
UYO177,138.864192,-6.646181
UYO178,140.51323,-7.4304
UYO179,140.4775,-7.46903
UYO180,139.22285,-6.90395
UYO181,139.203038,-6.47779
UYO182,140.86271,-5.6572
UYO183,140.6567531,-4.4929258
UYO184,139.623276,-6.385876
UYO185,139.51497,-6.06228
UYO186,140.9670788,-5.1436811
UYO187,137.8406,-5.0458
UYO188,138.44144,-6.32472
UYO189,140.68502,-6.00613
UYO190,140.12177,-7.11132
UYO191,135.618736,-0.677
UYO192,138.98822,-4.77114
UYO193,139.64118,-6.96447
UYO194,139.563306,-5.480694
UYO195,136.16736,-4.07043
UYO196,136.33309,-4.00553
UYO197,136.300317,-4.084588
UYO198,136.34893,-3.99746
UYO199,140.6683,-7.37539
UYO200,139.886013,-6.863563
UYO201,139.8425,-7.08994
UYO202,140.545486,-5.73967
UYO204,136.1836577,-1.1664146
UYO205,140.5531634,-8.6976273
UYO206,139.8700678,-5.8100522
UYO209,136.593247,-1.728525
UYO211,139.01788,-5.78116
UYO212,139.893637,-6.8089985
UYO213,139.43331,-5.68316
UYO214,139.7144714,-5.3995285
UYO215,139.508056,-6.100278
UYO216,138.934387,-2.157739
UYO217,140.39998,-7.39514
UYO218,140.44337,-7.33115
UYO219,140.21037,-7.69412
UYO220,137.9617,-3.6971
UYP012,134.32636,0.908178
UYP022,133.91791,-1.10121
UYP026,132.43185,-1.21211
UYP027,132.46769,-1.34919
UYP028,132.63572,-1.31235
UYP029,132.313148,-1.30422
UYP030,132.20257,-1.34537
UYP031,132.2883,-1.16638
UYP032,132.2795,-0.93183
UYP033,132.46422,-1.15625
UYP034,132.270648,-1.37499
UYP035,132.148948,-1.3047
UYP036,132.32131,-1.44214
UYP037,132.252098,-1.25049
UYP038,132.230688,-1.36549
UYP039,132.360538,-1.34041
UYP040,132.38106,-1.48474
UYP041,131.18931,0.56365
UYP042,130.26955,-2.04685
UYP043,130.681383,-0.137344
UYP044,130.223724,-0.206025
UYP045,130.053058,0.15227
UYP046,130.66342,-0.3009
UYP047,131.24918,-0.37476
UYP048,130.987,-0.06492
UYP049,131.174972,-0.101906
UYP050,130.75403,-0.93283
UYP052,130.297644,-1.697177
UYP054,130.07726,-1.72981
UYP055,130.5062879,-0.8345152
UYP056,130.874308,-0.40616
UYP057,130.343778,-0.34567
UYP058,130.3875183,-0.3171146
UYP059,132.26119,-0.7573
UYP061,131.77998,-0.75929
UYP062,132.46794,-0.75087
UYP063,132.95952,-0.47452
UYP064,132.921138,-0.8482
UYP065,132.61622,-0.8565
UYP066,132.410938,-0.78389
UYP067,132.32848,-0.38513
UYP068,133.21888,-0.84685
UYP070,134.523465,-2.364825
UYP071,134.34215,-2.10843
UYP072,134.14893,-1.84599
UYP073,134.482388,-2.53846
UYP074,134.15609,-2.46159
UYP075,134.116,-2.1555
UYP076,134.51928,-3.14037
UYP077,134.17354,-2.4028
UYP081,136.63925,-1.72837
UYP084,136.049639,-1.828389
UYP085,135.81891,-1.73113
UYP086,135.910923,-1.637305
UYP087,135.509549,-1.682915
UYP088,135.69171,-1.62711
UYP089,133.891384,-1.095501
UYP090,132.35448,-1.440561
UYP092,133.9469,-0.72222
UYP093,134.119938,-1.1508
UYP094,136.04323,-0.92852
UYP095,130.263168,-1.46058
UYP096,130.67101,-0.95442
UYP097,130.70457,-0.78867
UYP098,130.73793,-0.14415
UYP099,132.25448,-1.84517
UYP100,132.23443,-1.94996
UYP101,132.1211,-1.9894
UYP102,132.16795,-2.12047
UYP103,132.41579,-1.62008
UYP104,132.35189,-1.5758
UYP105,132.28236,-1.58168
UYP106,132.3863,-1.86972
UYP107,132.37896,-2.14854
UYP108,132.55876,-2.1878
UYP109,132.61684,-1.98185
UYP110,132.45058,-2.21644
UYP111,131.24459,-1.27391
UYP112,131.79341,-1.08161
UYP113,131.76989,-1.17516
UYP114,131.59035,-1.27242
UYP115,134.22278,-1.78355
UYP116,134.124679,-1.908203
UYP117,134.38433,-2.09636
UYP118,134.16002,-2.3123
UYP119,134.30233,-2.48522
UYP120,134.09585,-2.0892
UYP121,134.58295,-2.48267
UYP122,134.13202,-2.37593
UYP123,134.55956,-2.92016
UYP124,134.39336,-2.7092
UYP125,132.16944,-1.10966
UYP126,132.43027,-1.12104
UYP127,131.039343,0.379982
UYP130,131.070923,-0.040881
UYP131,130.292685,-0.123653
UYP132,130.219619,-0.33276
UYP133,131.127373,0.498707
UYP135,130.408732,-1.771499
UYP136,129.831379,-1.830722
UYP137,129.843906,-1.157973
UYP139,133.423947,-3.871328
UYP140,134.19265,-3.830718
UYP141,133.028664,-2.835731
UYP147,132.10153,-0.92413
UYP148,130.89775,-0.79564
UYP149,131.258141,1.046566
UYP150,131.31299,-0.20781
UYP151,131.0741755,-0.9678641
UYP152,129.907697,-1.983815
UYP153,129.7427555,-1.1658553
UYP154,130.42239,-1.987685
UYP155,132.6925915,-0.9112685
UYP156,132.96876,-0.8442
UYP157,133.90222,-2.644413
UYP158,133.82829,-2.54586
UYP159,133.05409,-2.04957
UYP160,132.336695,-1.116788
UYP161,133.39037,-2.74683
UYP162,133.08813,-1.902
UYP163,133.42392,-2.00301
UYP164,132.67036,-2.24504
UYP165,133.052,-1.82356
UYP166,133.97319,-2.54299
UYP167,133.22711,-1.82811
UYP168,133.86395,-2.0459
UYP169,133.0684,-2.22751
UYP170,132.566931,-0.964101
UYP171,133.97607,-2.24843
UYP172,132.88975,-2.27037
UYP173,133.77847,-2.74717
UYP174,132.9571,-1.62161
UYP175,133.2383,-1.55052
UYP176,133.0178,-1.76778
UYP177,132.285922,-2.035991
UYP178,133.62947,-1.61347
UYP179,133.22963,-1.92656
UYP180,132.387914,-1.013117
UYP181,131.87225,-1.47044
UYP182,132.493117,-1.12085
UYP183,132.0581,-1.59312
UYP184,133.6395,-2.78522
UYP185,133.30247,-1.58247
UYP186,133.22129,-1.48127
UYP187,133.19044,-1.78315
UYP188,133.66232,-1.61461
UYP189,133.40542,-2.0372
UYP190,133.00499,-1.83798
UYP191,134.3324614,-2.5486237
UYP192,133.3842,-1.99439
UYP193,133.36505,-1.589
UYP194,133.69804,-2.75619
UYP195,132.11412,-1.43986
UYP196,133.0023,-1.89816
UYP197,134.3404033,-2.733395
UYP198,132.130605,-1.251078
UYP199,132.72623,-1.36957
UYP200,133.2481291,-1.472033
UYP201,132.36375,-2.20993
UYP202,131.950703,-1.205807
UYP203,133.25406,-1.89757
UYP204,133.85141,-1.90259
UYP205,133.12131,-1.91151
UYP206,133.336549,-1.597425
UYP207,132.33212,-0.99176
UYP208,132.26332,-1.044657
UYP209,133.80679,-1.96659
UYP210,133.42323,-2.87936
UYP211,132.447961,-0.439474
UYP212,132.366234,-0.779
UYP213,133.014606,-0.505427
UYP214,132.566931,-0.964101
UYP215,133.2406757,-0.616892
UYP216,131.9898,-1.26173
UYP217,131.93735,-1.27386
UYP218,131.93868,-1.14923
UYP219,131.911102,-1.13934
UYP220,132.17435,-1.71543
UYP221,134.60297,-3.24052
UYP222,130.17341,-2.05255
UYP223,130.3612,-0.31225
UYP224,132.22824,-0.501
UYP225,134.55871,-2.37121
UYP226,134.56277,-2.40052
UYP227,134.0623,-1.6603
UYP228,134.18414,-1.20905
UYP229,134.20882,-1.24917
UYP230,134.09502,-1.45031
UYP231,132.292123,-1.965511
UYP232,133.40587,-1.98044
UYP233,134.18817,-1.90353
UYP234,132.4935,-1.19679
UYP235,132.4724,-1.085617
UYP236,134.38515,-3.08681
UYP237,132.46871,-1.20557
UYP238,133.29021,-1.53879
UYP239,132.534767,-1.359667
UYP240,134.4673595,-2.583484
UYP241,132.24527,-1.77722
UYP242,132.377779,-1.847784
UYP243,134.46765,-3.10619
UYP244,132.6506,-1.287917
UYP245,132.27067,-1.42622
UYP246,132.1881443,-2.0664076
UYP247,134.5578093,-2.4255966
UYP248,132.29934,-1.39469
UYP249,132.28627,-1.350822
UYP250,132.26502,-1.3246
UYP251,132.41145,-0.35641
UYP252,131.872816,-1.146493
UYP253,132.07968,-1.32461
UYP254,132.01342,-1.27595
UYP255,132.07973,-1.18913
UYP256,131.96973,-1.23014
UYP257,134.13069,-2.233118
UYP258,132.125511,-2.133194
UYP259,132.28995,-1.814585
UYP260,134.439472,-2.834841
UYP261,131.87739,-1.18492
UYP262,132.152,-1.40644
UYP263,130.36843,-1.90318
UYP264,130.29844,-2.00098
UYP265,132.29004,-1.335135
UYP266,132.416467,-1.358867
UYP269,131.83365,-1.19428
UYP270,131.83105,-1.34452
UYP272,133.891465,-0.720708
UYP273,132.58246,-1.41013
UYP274,134.21612,-1.38252
WAM001,138.94614,-4.09835
WAM002,138.93484,-4.09452
WAM003,138.9301,-4.07625
WAM005,138.895967,-4.066438
WAM007,138.9355611,-4.0858305
WAM008,138.94008,-4.09731
WAM009,138.93817,-4.10157
WAM010,139.06673,-3.66833
WAM011,138.94328,-4.09314
WAM012,138.45051,-3.92591
WAM015,138.94924,-4.1089
WAM016,138.9334,-4.09789
WAM020,138.58315,-3.96737
WAM023,138.93797,-4.09201
WAM027,138.945261,-4.089502
WAM028,138.93356,-4.10316
WAM033,138.938456,-4.082701
WAM057,138.934393,-4.082246
WAM060,138.95483,-4.093834
WAM064,138.931599,-4.104603
WAM071,138.946294,-4.093908
WAM073,138.94243,-4.09508
WAM076,138.945485,-4.102157
WAM077,138.94125,-4.09917
WAM080,138.94288,-4.0913
WAM081,138.93756,-4.0955
WAM084,138.94339,-4.04982
WAM088,138.89313,-4.04013
WAM114,138.944819,-4.065319
WAM225,138.95363,-4.13433
WAM238,138.99925,-4.18155
WAM239,138.951644,-4.100191
WRS001,140.58081,-2.78011
WRS002,140.81496,-2.67218
WRS003,140.77431,-2.95222
WRS004,140.8062,-2.64004
WRS005,140.64085,-2.78958
WRS006,140.76808,-2.89599
WRS008,140.77434,-3.43082
WRS009,139.96652,-2.93075
WRS010,140.75893,-2.80022
WRS011,140.68806,-2.84306
WRS012,140.82011,-2.99979
WRS013,140.68776,-2.78863
WRS014,140.72339,-2.87164
WRS015,140.76656,-2.92266
WRS016,140.63733,-2.83947
WRS017,140.62602,-2.7884
WRS019,140.80401,-2.67175
WRS020,140.87845,-2.91081
WRS024,140.81496,-2.95634
WRS025,140.85008,-2.67219
WRS033,140.80579,-2.65383
WRS034,140.74884,-2.90617
WRS035,140.823406,-2.676574
WRS036,140.70206,-2.87913
WRS037,140.80344,-2.67778
WRS039,140.76574,-2.77228
WRS041,140.775646,-2.640261
WRS042,140.754762,-2.667221
WRS043,140.70441,-2.823
WRS046,140.66862,-2.78434
WRS053,140.62169,-2.81707
WRS058,140.66356,-2.86551
WRS064,140.84306,-3.00411
WRS071,140.76831,-2.6815
WRS072,140.7196,-2.89532
WRS073,140.54901,-2.78334
WRS074,140.74803,-2.83561
WRS080,140.89639,-2.93214
WRS081,140.76885,-2.84541
WRS082,140.82309,-2.64315
WRS086,140.75313,-2.86931
WRS108,140.85022,-2.612297
WRS109,140.78342,-2.67804
WRS110,140.79986,-2.97855
WRS111,140.72139,-3.45158
WRS112,140.75568,-2.90254
WRS113,140.7355,-2.87226
WRS114,140.77379,-2.91679
WRS124,140.66061,-2.77738
WRS145,140.77019,-2.76261
WRS154,140.74522,-2.82947
WRS155,140.77099,-2.93305
WRS156,140.69294,-2.88149
WRS158,140.74357,-2.91424
WSI002,130.81862,-0.42664
WSI003,130.41154,-2.05783
WSI005,130.78444,-0.46917
WSI006,130.82991,-0.42362
WSI010,130.81851,-0.41219
WSI012,130.82195,-0.42633
WSI013,130.80562,-0.43195
WSI014,130.82326,-0.42107
WSI020,131.07014,-1.05381
WSI021,130.29623,-0.67168
WSI022,130.64527,-0.56825
WSI045,130.678939,-0.806439
WSI071,129.90704,-0.43806
WSI075,130.51543,-0.56544
WSI091,130.99508,-0.04818
WSI094,131.12405,-0.92428
WSI100,130.81677,-0.41889
WSI132,130.76105,-0.44096
COK002,137.05245,-3.7435
COK317,140.84356,-2.66708
COK501,136.8438,-4.4753
FKA001,137.094,-4.144
FKA129,136.841,-4.826
FKA130,136.841,-4.826
FKA131,136.76,-4.798
FKA132,136.867,-4.397
FKA133,136.855,-4.407
FKA134,137.094,-4.145
JAP246,140.572743,-2.578886
PTK308,109.35005,-0.0549
TIM578,136.72681,-4.68375
